Div,Date,Time,HomeTeam,AwayTeam,FTHG,FTAG,FTR,HTHG,HTAG,HTR,HS,AS,HST,AST,HF,AF,HC,AC,HY,AY,HR,AR,B365H,B365D,B365A,B365>2.5,B365<2.5,AvgH,AvgD,AvgA,Avg>2.5,Avg<2.5,MaxH,MaxD,MaxA,Max>2.5,Max<2.5,AvgC>2.5,AvgC<2.5,B365CH,B365CD,B365CA
E0,15/08/2025,20:00,Liverpool,Bournemouth,4,2,H,1,0,H,19,10,10,3,7,10,6,7,1,2,0,0,1.3,6.0,8.5,1.36,3.2,1.31,5.96,8.31,1.35,3.13,1.34,6.5,9.5,1.38,3.3,1.36,3.05,1.29,6.25,9.0
E0,16/08/2025,12:30,Aston Villa,Newcastle,0,0,D,0,0,D,3,16,3,3,13,11,3,6,1,1,1,0,2.25,3.5,2.9,1.62,2.3,2.3,3.56,2.94,1.61,2.25,2.38,3.75,3.1,1.65,2.33,1.75,2.04,2.45,3.4,2.8
E0,16/08/2025,15:00,Brighton,Fulham,1,1,D,0,0,D,10,7,4,2,16,15,4,3,3,3,0,0,1.91,3.6,4.0,1.73,2.1,1.92,3.62,3.91,1.71,2.08,1.95,3.75,4.0,1.74,2.15,1.84,1.93,1.8,3.7,4.33
E0,16/08/2025,15:00,Sunderland,West Ham,3,0,H,0,0,D,10,12,5,4,8,10,5,7,0,1,0,0,3.25,3.4,2.25,1.93,1.93,3.17,3.38,2.26,1.88,1.88,3.25,3.5,2.3,1.94,1.93,2.11,1.69,3.4,3.2,2.25
E0,16/08/2025,15:00,Tottenham,Burnley,3,0,H,1,0,H,16,14,6,4,14,8,6,5,0,0,0,0,1.38,4.75,8.5,1.73,2.1,1.37,4.8,8.3,1.66,2.16,1.4,5.0,9.5,1.73,2.3,1.88,1.88,1.55,3.9,6.25
E0,16/08/2025,17:30,Wolves,Man City,0,4,A,0,2,A,9,15,3,4,13,7,4,6,1,2,0,0,6.25,4.75,1.45,1.62,2.3,6.73,4.73,1.44,1.61,2.25,7.5,5.0,1.48,1.62,2.35,1.74,2.04,6.25,4.2,1.53
E0,17/08/2025,14:00,Chelsea,Crystal Palace,0,0,D,0,0,D,19,12,3,4,10,12,11,2,2,3,0,0,1.62,4.33,4.5,1.67,2.2,1.61,4.21,5.08,1.63,2.22,1.64,4.35,5.5,1.67,2.3,1.71,2.09,1.8,3.75,4.33
E0,17/08/2025,14:00,Nott'm Forest,Brentford,3,1,H,3,0,H,11,10,5,3,7,15,5,5,1,2,0,0,2.2,3.3,3.5,2.0,1.85,2.15,3.36,3.43,1.92,1.83,2.2,3.5,3.55,2.0,1.91,1.99,1.79,1.9,3.5,4.2
E0,17/08/2025,16:30,Man United,Arsenal,0,1,A,0,1,A,22,9,7,3,10,19,3,4,1,4,0,0,3.6,3.6,1.95,1.83,2.03,3.57,3.56,2.01,1.8,1.97,3.75,3.66,2.1,1.83,2.03,1.69,2.12,3.8,3.7,1.91
E0,18/08/2025,20:00,Leeds,Everton,1,0,H,0,0,D,21,7,3,1,6,8,7,2,0,2,0,0,2.38,3.3,3.0,2.1,1.73,2.39,3.29,2.96,2.07,1.72,2.5,3.5,3.05,2.16,1.75,2.13,1.68,2.35,3.25,3.1
E0,22/08/2025,20:00,West Ham,Chelsea,1,5,A,1,3,A,12,12,4,7,7,10,7,5,0,1,0,0,4.75,3.8,1.73,1.73,2.1,4.68,3.88,1.71,1.72,2.09,5.0,4.0,1.76,1.77,2.15,1.72,2.08,4.5,3.8,1.75
E0,23/08/2025,12:30,Man City,Tottenham,0,2,A,0,2,A,10,12,4,5,7,12,7,2,1,4,0,0,1.48,4.5,6.25,1.44,2.75,1.48,4.7,6.08,1.46,2.62,1.5,5.0,6.5,1.52,2.75,1.48,2.58,1.55,4.33,5.25
E0,23/08/2025,15:00,Bournemouth,Wolves,1,0,H,1,0,H,14,6,4,1,13,16,8,3,2,4,0,1,1.8,3.8,4.2,1.73,2.1,1.79,3.88,4.24,1.72,2.06,1.82,4.0,4.5,1.79,2.1,1.81,1.96,1.8,3.7,4.33
E0,23/08/2025,15:00,Brentford,Aston Villa,1,0,H,1,0,H,9,17,2,2,11,9,2,9,1,2,0,0,3.1,3.6,2.2,1.8,2.0,3.11,3.53,2.21,1.77,2.0,3.2,3.66,2.3,1.82,2.05,1.85,1.91,3.4,3.5,2.1
E0,23/08/2025,15:00,Burnley,Sunderland,2,0,H,0,0,D,7,9,2,1,9,5,4,3,0,1,0,0,2.2,3.2,3.5,2.3,1.62,2.25,3.16,3.42,2.26,1.6,2.3,3.25,3.6,2.32,1.64,2.29,1.59,2.35,3.2,3.2
E0,23/08/2025,17:30,Arsenal,Leeds,5,0,H,2,0,H,18,3,5,1,8,11,2,2,0,2,0,0,1.27,6.25,9.5,1.53,2.5,1.27,5.93,10.61,1.55,2.38,1.29,6.25,12.0,1.63,2.5,1.62,2.25,1.33,5.5,8.5
E0,24/08/2025,14:00,Crystal Palace,Nott'm Forest,1,1,D,1,0,H,8,9,4,1,11,11,1,3,3,3,0,0,2.35,3.3,3.1,2.1,1.73,2.35,3.26,3.07,2.05,1.73,2.4,3.3,3.2,2.15,1.78,2.05,1.74,2.35,3.25,3.1
E0,24/08/2025,14:00,Everton,Brighton,2,0,H,1,0,H,11,13,3,4,7,15,2,2,4,3,0,0,3.1,3.3,2.3,2.0,1.8,3.08,3.3,2.32,2.01,1.76,3.25,3.4,2.4,2.1,1.8,1.89,1.88,2.88,3.3,2.45
E0,24/08/2025,16:30,Fulham,Man United,1,1,D,0,0,D,13,10,4,3,12,10,9,6,1,1,0,0,3.25,3.5,2.15,1.8,2.0,3.27,3.53,2.13,1.77,1.99,3.35,3.65,2.2,1.8,2.07,1.76,2.02,3.4,3.6,2.05
E0,25/08/2025,20:00,Newcastle,Liverpool,2,3,A,0,1,A,10,5,3,4,17,15,7,1,2,3,1,0,3.25,3.8,2.05,1.57,2.38,3.3,3.83,2.02,1.53,2.43,3.45,4.0,2.1,1.57,2.55,1.56,2.37,2.9,3.6,2.3
E0,30/08/2025,12:30,Chelsea,Fulham,2,0,H,1,0,H,13,11,6,3,11,17,6,4,2,2,0,0,1.55,4.33,5.25,1.67,2.2,1.55,4.35,5.6,1.67,2.16,1.57,4.5,6.0,1.71,2.22,1.79,1.98,1.67,3.9,4.75
E0,30/08/2025,15:00,Man United,Burnley,3,2,H,1,0,H,26,6,6,3,9,9,7,1,1,5,0,0,1.33,5.25,8.0,1.67,2.2,1.35,5.15,8.28,1.65,2.17,1.4,5.5,9.0,1.73,2.2,1.56,2.36,1.4,5.25,7.0
E0,30/08/2025,15:00,Sunderland,Brentford,2,1,H,0,0,D,12,7,3,4,11,12,3,4,3,2,0,0,3.0,3.3,2.4,2.1,1.73,2.92,3.27,2.46,2.04,1.73,3.0,3.35,2.54,2.1,1.8,2.07,1.73,3.1,3.3,2.3
E0,30/08/2025,15:00,Tottenham,Bournemouth,0,1,A,0,1,A,5,20,1,6,17,13,0,8,2,4,0,0,1.73,4.2,4.2,1.57,2.38,1.73,4.06,4.29,1.54,2.38,1.76,4.25,4.5,1.6,2.55,1.63,2.22,1.91,3.75,3.75
E0,30/08/2025,15:00,Wolves,Everton,2,3,A,1,2,A,12,10,4,4,15,10,2,2,0,1,0,0,2.7,3.2,2.75,2.2,1.67,2.66,3.19,2.74,2.17,1.65,2.75,3.3,2.8,2.23,1.68,2.43,1.53,3.4,3.2,2.25
E0,30/08/2025,17:30,Leeds,Newcastle,0,0,D,0,0,D,10,8,1,2,10,15,5,5,1,1,0,0,3.5,3.4,2.1,1.8,2.0,3.37,3.49,2.12,1.76,2.01,3.5,3.6,2.2,1.8,2.08,2.03,1.75,3.9,3.4,2.0
E0,31/08/2025,14:00,Brighton,Man City,2,1,H,0,1,A,12,12,7,3,16,14,3,2,2,2,0,0,3.8,3.9,1.9,1.62,2.3,3.78,3.84,1.85,1.57,2.32,4.0,4.0,1.91,1.62,2.38,1.57,2.33,3.6,3.6,2.0
E0,31/08/2025,14:00,Nott'm Forest,West Ham,0,3,A,0,0,D,11,12,3,8,14,6,9,7,0,0,0,0,1.67,3.75,5.25,1.98,1.88,1.69,3.74,5.03,1.94,1.82,1.73,3.85,5.5,2.0,1.91,1.72,2.07,1.62,4.0,5.0
E0,31/08/2025,16:30,Liverpool,Arsenal,1,0,H,0,0,D,9,11,3,1,7,10,3,8,2,2,0,0,2.2,3.5,3.2,1.73,2.1,2.2,3.49,3.17,1.73,2.06,2.25,3.6,3.25,1.81,2.1,1.77,2.0,2.38,3.4,3.0
E0,31/08/2025,19:00,Aston Villa,Crystal Palace,0,3,A,0,1,A,13,6,4,4,7,14,10,1,2,3,0,0,1.85,3.7,4.0,1.98,1.88,1.88,3.56,4.07,1.95,1.81,1.95,3.75,4.2,2.04,1.91,1.8,1.96,2.15,3.6,3.2
E0,13/09/2025,12:30,Arsenal,Nott'm Forest,3,0,H,1,0,H,16,5,5,1,8,11,8,4,1,1,0,0,1.38,5.0,8.0,1.73,2.1,1.38,4.85,8.16,1.69,2.11,1.42,5.0,9.0,1.75,2.2,1.65,2.2,1.4,4.75,7.5
E0,13/09/2025,15:00,Bournemouth,Brighton,2,1,H,1,0,H,13,6,5,2,16,10,4,4,4,4,0,0,2.35,3.5,2.9,1.67,2.2,2.38,3.5,2.87,1.67,2.14,2.43,3.65,3.0,1.72,2.2,1.62,2.24,2.35,3.5,2.9
E0,13/09/2025,15:00,Crystal Palace,Sunderland,0,0,D,0,0,D,14,6,6,0,10,8,5,3,1,1,0,0,1.65,3.75,5.75,2.1,1.73,1.66,3.76,5.42,2.08,1.71,1.71,4.1,6.0,2.1,1.82,2.16,1.67,1.67,3.6,5.5
E0,13/09/2025,15:00,Everton,Aston Villa,0,0,D,0,0,D,20,7,2,1,17,15,10,3,3,3,0,0,2.45,3.3,2.9,2.05,1.8,2.44,3.27,2.95,2.02,1.76,2.5,3.4,3.05,2.1,1.8,2.1,1.71,2.7,3.1,2.8
E0,13/09/2025,15:00,Fulham,Leeds,1,0,H,0,0,D,5,10,3,3,20,15,3,3,1,2,0,0,1.91,3.5,4.0,2.03,1.83,1.96,3.51,3.89,1.98,1.78,2.0,3.65,4.1,2.03,1.83,2.06,1.73,2.0,3.4,3.75
E0,13/09/2025,15:00,Newcastle,Wolves,1,0,H,1,0,H,16,8,4,3,10,17,10,4,1,4,0,0,1.42,4.75,7.0,1.8,2.0,1.43,4.62,7.45,1.74,2.04,1.44,4.8,8.5,1.8,2.12,1.68,2.14,1.36,5.0,8.5
E0,13/09/2025,17:30,West Ham,Tottenham,0,3,A,0,0,D,7,14,4,5,8,7,2,13,0,1,1,0,3.4,3.6,2.1,1.8,2.0,3.36,3.56,2.1,1.76,2.02,3.5,3.75,2.12,1.8,2.07,1.73,2.07,3.1,3.5,2.2
E0,13/09/2025,20:00,Brentford,Chelsea,2,2,D,1,0,H,7,16,4,6,13,9,5,6,3,2,0,0,4.5,3.9,1.73,1.73,2.1,4.54,3.92,1.73,1.7,2.11,4.8,4.1,1.75,1.73,2.25,1.79,2.0,4.2,3.75,1.83
E0,14/09/2025,14:00,Burnley,Liverpool,0,1,A,0,0,D,3,27,0,4,9,9,1,13,0,2,0,0,8.0,5.5,1.33,1.53,2.5,8.6,5.43,1.33,1.52,2.44,9.5,5.6,1.35,1.56,2.5,1.49,2.55,9.0,5.75,1.3
E0,14/09/2025,16:30,Man City,Man United,3,0,H,1,0,H,13,12,6,2,8,8,2,4,0,0,0,0,1.75,4.0,4.2,1.57,2.38,1.76,3.99,4.19,1.55,2.38,1.8,4.3,4.5,1.57,2.5,1.53,2.44,1.62,4.2,4.75
E0,20/09/2025,12:30,Liverpool,Everton,2,1,H,2,0,H,11,9,3,2,11,10,5,4,2,3,0,0,1.45,4.75,6.5,1.62,2.3,1.45,4.65,6.7,1.59,2.28,1.48,4.8,7.5,1.62,2.38,1.69,2.13,1.5,4.33,6.25
E0,20/09/2025,15:00,Brighton,Tottenham,2,2,D,2,1,H,12,11,4,3,10,13,2,10,1,2,0,0,2.25,3.7,3.0,1.67,2.2,2.25,3.61,3.0,1.64,2.2,2.28,3.75,3.1,1.67,2.25,1.65,2.2,2.1,3.6,3.3
E0,20/09/2025,15:00,Burnley,Nott'm Forest,1,1,D,1,1,D,12,17,5,8,12,11,4,5,1,1,0,0,3.4,3.3,2.2,2.0,1.85,3.36,3.37,2.18,1.94,1.82,3.5,3.5,2.2,2.0,1.91,2.04,1.75,3.5,3.3,2.15
E0,20/09/2025,15:00,West Ham,Crystal Palace,1,2,A,0,1,A,8,18,3,3,15,5,8,8,3,3,0,0,2.88,3.5,2.38,2.05,1.8,2.98,3.36,2.37,1.98,1.79,3.1,3.5,2.4,2.05,1.8,1.83,1.95,3.1,3.5,2.25
E0,20/09/2025,15:00,Wolves,Leeds,1,3,A,1,3,A,16,6,6,4,11,9,4,0,1,1,0,0,2.7,3.2,2.75,2.3,1.62,2.67,3.16,2.74,2.22,1.62,2.71,3.25,2.8,2.3,1.65,2.3,1.59,3.1,3.1,2.45
E0,20/09/2025,17:30,Man United,Chelsea,2,1,H,2,0,H,11,5,4,1,13,14,5,5,0,5,1,1,2.6,3.8,2.45,1.57,2.38,2.68,3.69,2.44,1.57,2.32,2.8,3.8,2.5,1.61,2.38,1.57,2.37,2.55,3.75,2.5
E0,20/09/2025,20:00,Fulham,Brentford,3,1,H,2,1,H,14,8,3,3,11,13,2,10,4,1,0,0,2.0,3.4,3.8,2.0,1.85,2.02,3.48,3.69,1.91,1.86,2.05,3.6,4.0,2.0,1.92,2.02,1.77,2.1,3.25,3.6
E0,21/09/2025,14:00,Bournemouth,Newcastle,0,0,D,0,0,D,11,4,2,1,7,10,5,2,2,1,0,0,2.5,3.5,2.7,1.83,2.03,2.44,3.45,2.78,1.8,1.97,2.54,3.6,2.88,1.83,2.03,1.86,1.91,2.5,3.2,2.9
E0,21/09/2025,14:00,Sunderland,Aston Villa,1,1,D,0,0,D,14,12,4,2,14,8,6,5,2,1,1,0,3.4,3.5,2.1,2.2,1.67,3.56,3.34,2.1,2.09,1.7,3.75,3.5,2.12,2.2,1.76,2.05,1.75,3.8,3.3,2.0
E0,21/09/2025,16:30,Arsenal,Man City,1,1,D,0,1,A,12,5,3,3,11,10,11,2,1,2,0,0,1.85,3.9,3.8,1.8,2.0,1.9,3.7,3.85,1.77,2.0,1.95,3.9,4.0,1.82,2.05,1.75,2.03,2.0,3.6,3.6
E0,27/09/2025,12:30,Brentford,Man United,3,1,H,2,1,H,10,14,8,6,14,10,4,2,2,2,0,0,3.4,3.8,2.0,1.67,2.2,3.4,3.77,2.02,1.64,2.22,3.5,4.0,2.1,1.67,2.3,1.58,2.33,3.2,3.75,2.1
E0,27/09/2025,15:00,Chelsea,Brighton,1,3,A,1,0,H,13,12,3,3,9,16,5,7,3,5,1,0,1.85,3.8,3.8,1.62,2.3,1.86,3.86,3.86,1.59,2.29,1.91,4.0,4.1,1.64,2.35,1.64,2.22,2.0,3.75,3.5
E0,27/09/2025,15:00,Crystal Palace,Liverpool,2,1,H,1,0,H,16,20,7,4,10,8,2,6,1,3,0,0,3.8,3.8,1.9,1.73,2.1,3.82,3.72,1.91,1.72,2.07,4.0,3.8,1.95,1.76,2.12,1.71,2.11,4.2,3.6,1.85
E0,27/09/2025,15:00,Leeds,Bournemouth,2,2,D,1,1,D,19,12,8,5,12,13,7,4,2,2,0,0,3.1,3.25,2.38,2.03,1.83,2.98,3.29,2.41,1.96,1.81,3.1,3.4,2.5,2.03,1.85,1.99,1.8,3.0,3.2,2.45
E0,27/09/2025,15:00,Man City,Burnley,5,1,H,1,1,D,21,9,8,2,5,7,10,2,1,3,0,0,1.17,7.5,15.0,1.44,2.75,1.17,7.48,15.54,1.43,2.74,1.19,8.0,17.0,1.46,2.8,1.44,2.74,1.17,7.5,15.0
E0,27/09/2025,17:30,Nott'm Forest,Sunderland,0,1,A,0,1,A,22,11,6,3,11,6,7,4,4,2,0,0,1.75,3.75,4.5,2.0,1.85,1.77,3.67,4.64,1.97,1.8,1.8,3.75,5.0,2.08,1.86,1.95,1.83,1.75,3.8,4.75
E0,27/09/2025,20:00,Tottenham,Wolves,1,1,D,0,0,D,10,9,3,3,9,11,10,9,3,2,0,0,1.5,4.5,6.0,1.73,2.1,1.47,4.57,6.38,1.68,2.14,1.5,4.9,7.0,1.73,2.25,1.72,2.1,1.5,4.2,6.5
E0,28/09/2025,14:00,Aston Villa,Fulham,3,1,H,1,1,D,9,11,4,4,10,13,2,8,1,4,0,0,2.3,3.1,3.4,2.1,1.73,2.29,3.19,3.3,2.11,1.69,2.35,3.3,3.4,2.23,1.73,2.04,1.76,2.2,3.3,3.4
E0,28/09/2025,16:30,Newcastle,Arsenal,1,2,A,1,0,H,8,20,3,7,8,9,7,12,2,1,0,0,3.6,3.4,2.1,2.1,1.73,3.51,3.32,2.12,2.08,1.71,3.66,3.4,2.2,2.12,1.76,2.11,1.71,3.4,3.3,2.15
E0,29/09/2025,20:00,Everton,West Ham,1,1,D,1,0,H,12,14,6,3,7,16,3,5,3,4,0,0,1.7,3.75,5.0,1.93,1.93,1.72,3.69,4.83,1.91,1.85,1.76,3.75,5.0,2.04,1.93,1.86,1.91,1.62,3.9,5.5
E0,03/10/2025,20:00,Bournemouth,Fulham,3,1,H,0,0,D,11,12,6,4,8,10,4,3,0,1,0,0,1.95,3.5,3.9,2.0,1.85,1.97,3.5,3.85,1.93,1.85,2.0,3.6,4.0,2.05,1.91,2.06,1.75,1.95,3.4,4.1
E0,04/10/2025,12:30,Leeds,Tottenham,1,2,A,1,1,D,16,9,4,3,10,12,4,1,2,3,0,0,2.7,3.5,2.5,1.95,1.9,2.75,3.46,2.49,1.89,1.89,2.88,3.55,2.55,1.95,1.96,1.91,1.86,2.8,3.4,2.5
E0,04/10/2025,15:00,Arsenal,West Ham,2,0,H,1,0,H,21,4,5,0,14,14,8,3,0,2,0,0,1.18,6.5,17.0,1.53,2.5,1.19,6.83,15.25,1.52,2.47,1.2,7.5,17.0,1.58,2.65,1.41,2.84,1.17,8.0,15.0
E0,04/10/2025,15:00,Man United,Sunderland,2,0,H,2,0,H,15,8,6,3,10,12,2,3,1,4,0,0,1.5,4.75,5.75,1.62,2.3,1.5,4.55,5.98,1.64,2.21,1.53,4.75,6.5,1.7,2.3,1.64,2.22,1.62,4.33,5.0
E0,04/10/2025,17:30,Chelsea,Liverpool,2,1,H,1,0,H,12,12,6,2,9,8,7,2,0,2,0,0,2.8,3.75,2.3,1.53,2.5,2.87,3.7,2.28,1.53,2.43,2.95,3.8,2.38,1.57,2.5,1.55,2.41,2.9,3.6,2.3
E0,05/10/2025,14:00,Aston Villa,Burnley,2,1,H,1,0,H,15,5,7,2,9,15,6,4,3,1,0,0,1.6,4.0,5.75,1.98,1.88,1.59,4.0,5.76,1.9,1.87,1.62,4.2,6.0,1.98,1.92,1.88,1.9,1.55,4.1,6.0
E0,05/10/2025,14:00,Everton,Crystal Palace,2,1,H,0,1,A,14,15,7,8,13,16,2,4,2,3,0,0,2.45,3.25,3.0,2.2,1.67,2.53,3.21,2.89,2.2,1.65,2.65,3.25,3.0,2.33,1.67,2.25,1.62,2.6,3.2,2.8
E0,05/10/2025,14:00,Newcastle,Nott'm Forest,2,0,H,0,0,D,18,5,9,4,16,15,8,1,0,4,0,0,1.57,4.2,5.5,1.73,2.1,1.58,4.21,5.46,1.69,2.12,1.61,4.4,5.75,1.73,2.23,1.64,2.23,1.5,4.5,6.0
E0,05/10/2025,14:00,Wolves,Brighton,1,1,D,1,0,H,6,17,3,6,13,9,2,8,2,4,0,0,3.6,3.7,2.0,1.85,2.0,3.67,3.6,1.99,1.83,1.94,3.85,3.7,2.0,1.92,2.0,1.77,2.02,3.4,3.6,2.1
E0,05/10/2025,16:30,Brentford,Man City,0,1,A,0,1,A,6,10,1,4,10,6,3,2,3,2,0,0,4.75,4.5,1.62,1.57,2.38,4.73,4.27,1.64,1.56,2.35,5.0,4.5,1.67,1.6,2.4,1.58,2.32,4.75,4.2,1.62
E0,18/10/2025,12:30,Nott'm Forest,Chelsea,0,3,A,0,0,D,12,17,2,6,13,16,5,2,2,2,0,1,3.7,3.8,1.95,1.73,2.1,3.75,3.74,1.93,1.68,2.13,3.85,3.85,1.95,1.73,2.2,1.82,1.97,3.1,3.5,2.25
E0,18/10/2025,15:00,Brighton,Newcastle,2,1,H,1,0,H,13,16,5,3,9,9,8,4,0,1,0,0,2.63,3.4,2.6,1.88,1.98,2.61,3.48,2.62,1.84,1.92,2.75,3.66,2.65,1.91,1.98,1.75,2.05,2.88,3.5,2.35
E0,18/10/2025,15:00,Burnley,Leeds,2,0,H,1,0,H,4,19,3,4,10,7,1,5,2,1,0,0,3.25,3.25,2.25,2.2,1.67,3.3,3.25,2.26,2.2,1.64,3.45,3.33,2.3,2.25,1.67,2.26,1.62,3.4,3.25,2.15
E0,18/10/2025,15:00,Crystal Palace,Bournemouth,3,3,D,0,2,A,20,8,7,5,8,16,6,5,1,4,0,0,2.2,3.4,3.25,1.95,1.9,2.25,3.35,3.22,1.92,1.85,2.3,3.4,3.35,2.02,1.91,1.8,1.99,2.15,3.3,3.5
E0,18/10/2025,15:00,Man City,Everton,2,0,H,0,0,D,19,5,7,1,8,14,11,3,0,2,0,0,1.4,5.0,7.0,1.73,2.1,1.38,4.92,7.91,1.69,2.12,1.41,5.25,9.0,1.73,2.2,1.67,2.17,1.42,4.33,8.5
E0,18/10/2025,15:00,Sunderland,Wolves,2,0,H,1,0,H,8,16,2,3,5,12,3,2,0,0,0,0,2.5,3.0,3.1,2.5,1.53,2.46,3.07,3.13,2.43,1.53,2.5,3.15,3.25,2.55,1.55,2.37,1.56,2.5,3.0,3.1
E0,18/10/2025,17:30,Fulham,Arsenal,0,1,A,0,0,D,9,16,0,5,11,4,6,10,0,0,0,0,5.75,4.1,1.55,1.98,1.88,6.14,4.13,1.54,1.89,1.87,6.5,4.4,1.57,1.98,1.96,1.91,1.86,6.25,4.2,1.5
E0,19/10/2025,14:00,Tottenham,Aston Villa,1,2,A,1,1,D,9,8,3,2,11,7,6,6,2,0,0,0,2.05,3.5,3.5,1.83,2.03,2.06,3.56,3.42,1.78,1.99,2.15,3.7,3.5,1.83,2.08,1.83,1.95,2.2,3.4,3.1
E0,19/10/2025,16:30,Liverpool,Man United,1,2,A,0,1,A,19,12,6,4,8,14,9,4,0,2,0,0,1.6,4.5,5.0,1.44,2.75,1.6,4.4,4.89,1.43,2.71,1.62,4.7,5.1,1.47,2.8,1.44,2.69,1.7,4.2,4.2
E0,20/10/2025,20:00,West Ham,Brentford,0,2,A,0,1,A,7,22,1,7,10,10,6,10,1,1,0,0,2.5,3.25,2.88,1.9,1.95,2.46,3.37,2.82,1.85,1.91,2.5,3.55,2.95,1.91,1.95,1.9,1.88,2.8,3.25,2.55
E0,24/10/2025,20:00,Leeds,West Ham,2,1,H,2,0,H,13,9,5,3,12,11,3,4,3,3,0,0,1.8,3.5,4.75,2.1,1.73,1.81,3.57,4.59,2.04,1.76,1.83,3.65,5.0,2.14,1.8,1.97,1.81,1.8,3.6,4.5
E0,25/10/2025,15:00,Chelsea,Sunderland,1,2,A,1,1,D,16,10,7,4,15,13,9,1,1,1,0,0,1.36,4.75,9.0,1.73,2.1,1.37,4.99,8.31,1.69,2.12,1.42,5.25,9.5,1.75,2.2,1.7,2.11,1.45,4.5,7.0
E0,25/10/2025,15:00,Newcastle,Fulham,2,1,H,1,0,H,18,12,7,5,11,18,4,3,0,2,0,0,1.62,3.9,5.5,1.93,1.93,1.62,3.97,5.44,1.85,1.92,1.64,4.1,6.0,1.94,2.0,1.8,2.0,1.6,4.1,5.75
E0,25/10/2025,17:30,Man United,Brighton,4,2,H,2,0,H,13,17,9,5,4,13,1,6,2,2,0,0,1.95,3.8,3.5,1.53,2.5,2.0,3.83,3.45,1.53,2.43,2.05,4.0,3.6,1.57,2.5,1.5,2.53,1.95,3.8,3.4
E0,25/10/2025,20:00,Brentford,Liverpool,3,2,H,2,1,H,17,18,8,5,7,10,5,4,3,2,0,0,4.1,4.2,1.75,1.53,2.5,4.28,4.13,1.73,1.54,2.41,4.5,4.2,1.78,1.58,2.5,1.53,2.44,3.9,4.0,1.83
E0,26/10/2025,14:00,Arsenal,Crystal Palace,1,0,H,1,0,H,10,7,3,1,6,11,4,3,0,0,0,0,1.4,4.75,7.5,1.73,2.1,1.41,4.6,7.76,1.74,2.05,1.44,4.75,8.7,1.8,2.12,1.66,2.18,1.38,5.0,8.0
E0,26/10/2025,14:00,Aston Villa,Man City,1,0,H,1,0,H,9,18,3,4,8,16,5,6,1,4,0,0,4.33,3.8,1.8,1.73,2.1,4.08,3.8,1.83,1.73,2.07,4.33,4.0,1.89,1.77,2.1,1.68,2.15,4.2,3.75,1.83
E0,26/10/2025,14:00,Bournemouth,Nott'm Forest,2,0,H,2,0,H,13,8,5,4,17,7,6,4,3,1,0,0,1.8,3.8,4.33,1.88,1.98,1.79,3.79,4.29,1.84,1.92,1.81,3.95,4.6,1.91,2.02,1.81,1.97,2.0,3.75,3.6
E0,26/10/2025,14:00,Wolves,Burnley,2,3,A,2,2,D,15,11,7,7,12,7,5,3,1,0,0,0,1.95,3.3,4.2,2.3,1.62,1.97,3.3,4.06,2.22,1.63,2.0,3.4,4.25,2.3,1.71,2.22,1.64,1.91,3.3,4.33
E0,26/10/2025,16:30,Everton,Tottenham,0,3,A,0,2,A,12,7,2,4,9,8,9,8,2,0,0,0,2.35,3.4,3.0,1.98,1.88,2.35,3.38,2.99,1.91,1.85,2.4,3.4,3.15,1.98,1.91,1.92,1.89,2.2,3.5,3.25
E0,01/11/2025,15:00,Brighton,Leeds,3,0,H,1,0,H,14,5,7,2,10,7,4,7,0,1,0,0,1.85,3.75,4.0,1.85,2.0,1.85,3.74,4.11,1.79,1.97,1.91,3.9,4.33,1.85,2.05,1.82,1.97,1.91,3.6,3.9
E0,01/11/2025,15:00,Burnley,Arsenal,0,2,A,0,2,A,3,12,0,8,10,13,1,6,2,1,0,0,10.0,6.0,1.27,1.73,2.1,10.97,5.65,1.28,1.73,2.05,13.0,6.0,1.29,1.8,2.14,1.85,1.93,13.0,6.25,1.22
E0,01/11/2025,15:00,Crystal Palace,Brentford,2,0,H,1,0,H,9,6,2,2,7,11,6,5,0,3,0,0,1.91,3.6,3.9,1.73,2.1,1.92,3.65,3.85,1.74,2.04,1.95,3.75,4.1,1.8,2.1,1.82,1.96,2.05,3.4,3.5
E0,01/11/2025,15:00,Fulham,Wolves,3,0,H,1,0,H,19,5,6,2,13,14,10,1,1,3,0,1,1.83,3.5,4.5,2.2,1.67,1.84,3.46,4.51,2.17,1.66,1.87,3.65,4.8,2.25,1.71,1.89,1.89,1.73,3.8,4.5
E0,01/11/2025,15:00,Nott'm Forest,Man United,2,2,D,0,1,A,17,18,3,7,10,7,8,5,1,1,0,0,3.3,3.75,2.05,1.73,2.1,3.41,3.67,2.05,1.71,2.09,3.6,3.8,2.1,1.73,2.17,1.7,2.13,3.1,3.8,2.1
E0,01/11/2025,17:30,Tottenham,Chelsea,0,1,A,0,1,A,3,15,1,9,14,12,6,5,4,2,0,0,2.7,3.5,2.5,1.73,2.1,2.71,3.52,2.5,1.7,2.1,2.8,3.6,2.6,1.75,2.12,1.76,2.04,3.1,3.5,2.25
E0,01/11/2025,20:00,Liverpool,Aston Villa,2,0,H,1,0,H,16,10,4,3,13,11,1,4,2,3,0,0,1.65,4.33,4.5,1.53,2.5,1.63,4.32,4.81,1.52,2.44,1.67,4.5,5.0,1.56,2.5,1.53,2.46,1.67,4.33,4.33
E0,02/11/2025,14:00,West Ham,Newcastle,3,1,H,2,1,H,15,12,9,4,5,10,7,6,1,2,0,0,5.25,4.0,1.62,1.8,2.0,4.99,4.08,1.64,1.74,2.04,5.5,4.4,1.67,1.8,2.17,1.68,2.15,4.75,4.2,1.65
E0,02/11/2025,16:30,Man City,Bournemouth,3,1,H,2,1,H,15,8,8,5,8,11,10,4,2,2,0,0,1.5,4.75,5.75,1.53,2.5,1.49,4.64,5.9,1.52,2.45,1.5,4.9,6.5,1.55,2.55,1.47,2.64,1.42,5.0,7.0
E0,03/11/2025,20:00,Sunderland,Everton,1,1,D,0,1,A,17,8,3,2,10,12,4,1,3,2,0,0,2.7,3.2,2.7,2.3,1.62,2.74,3.12,2.67,2.29,1.59,2.8,3.2,2.8,2.38,1.62,2.35,1.58,3.3,3.0,2.3
E0,08/11/2025,12:30,Tottenham,Man United,2,2,D,0,1,A,10,5,4,2,10,8,5,3,5,1,0,0,2.63,3.6,2.5,1.67,2.2,2.65,3.58,2.52,1.64,2.23,2.75,3.7,2.6,1.67,2.3,1.68,2.15,2.9,3.4,2.35
E0,08/11/2025,15:00,Everton,Fulham,2,0,H,1,0,H,14,8,5,4,11,14,7,5,2,2,0,0,2.2,3.3,3.4,2.2,1.67,2.2,3.28,3.4,2.17,1.66,2.25,3.35,3.5,2.3,1.71,2.12,1.7,2.3,3.3,3.2
E0,08/11/2025,15:00,West Ham,Burnley,3,2,H,1,1,D,15,16,6,7,15,13,7,4,2,2,0,0,1.91,3.5,4.0,2.0,1.8,1.94,3.5,3.98,1.96,1.8,2.0,3.6,4.1,2.02,1.85,1.95,1.83,1.85,3.6,4.1
E0,08/11/2025,17:30,Sunderland,Arsenal,2,2,D,1,0,H,6,17,2,7,13,13,2,2,2,1,0,0,7.5,5.0,1.38,2.05,1.8,8.39,4.67,1.39,2.0,1.78,9.5,5.0,1.4,2.08,1.8,2.13,1.69,7.5,4.33,1.44
E0,08/11/2025,20:00,Chelsea,Wolves,3,0,H,0,0,D,20,3,8,0,12,14,10,1,1,2,0,0,1.36,4.75,8.5,1.62,2.3,1.36,5.06,8.27,1.62,2.23,1.37,5.3,9.0,1.65,2.33,1.56,2.37,1.36,5.0,8.0
E0,09/11/2025,14:00,Aston Villa,Bournemouth,4,0,H,2,0,H,16,13,8,4,8,20,6,9,2,2,0,0,2.2,3.4,3.25,1.88,1.98,2.19,3.45,3.25,1.82,1.95,2.28,3.5,3.4,1.88,2.0,1.83,1.95,2.3,3.3,3.1
E0,09/11/2025,14:00,Brentford,Newcastle,3,1,H,0,1,A,15,5,7,1,10,13,6,2,2,1,0,0,2.8,3.5,2.45,1.85,2.0,2.84,3.4,2.45,1.81,1.95,2.95,3.5,2.5,1.88,2.0,1.81,1.98,2.8,3.4,2.5
E0,09/11/2025,14:00,Crystal Palace,Brighton,0,0,D,0,0,D,10,7,2,3,10,12,4,8,1,4,0,0,2.25,3.5,3.1,1.73,2.1,2.27,3.52,3.04,1.71,2.08,2.33,3.6,3.15,1.78,2.1,1.81,1.98,2.38,3.4,3.0
E0,09/11/2025,14:00,Nott'm Forest,Leeds,3,1,H,1,1,D,14,10,6,3,10,11,6,4,2,1,0,0,2.25,3.25,3.3,2.1,1.73,2.22,3.32,3.29,2.04,1.74,2.25,3.4,3.45,2.12,1.78,2.3,1.6,2.2,3.0,3.6
E0,09/11/2025,16:30,Man City,Liverpool,3,0,H,2,0,H,14,7,6,1,14,15,7,7,2,4,0,0,1.9,3.9,3.7,1.5,2.63,1.88,3.92,3.72,1.48,2.58,1.91,4.0,4.0,1.52,2.63,1.46,2.68,1.85,4.0,3.8
E0,22/11/2025,12:30,Burnley,Chelsea,0,2,A,0,1,A,8,15,2,5,13,8,1,9,2,3,0,0,6.25,4.5,1.48,1.8,2.0,6.56,4.45,1.48,1.76,2.01,7.0,4.75,1.52,1.8,2.1,1.67,2.16,5.0,4.2,1.6
E0,22/11/2025,15:00,Bournemouth,West Ham,2,2,D,0,2,A,28,5,10,2,9,10,9,2,3,2,0,0,1.62,4.2,4.75,1.67,2.2,1.62,4.09,5.14,1.65,2.19,1.64,4.2,5.5,1.67,2.25,1.67,2.16,1.65,4.1,4.75
E0,22/11/2025,15:00,Brighton,Brentford,2,1,H,0,1,A,14,10,5,4,10,9,7,4,4,2,0,0,1.91,3.6,4.0,1.73,2.1,1.93,3.66,3.82,1.68,2.13,1.96,3.75,4.0,1.73,2.2,1.72,2.08,2.15,3.4,3.4
E0,22/11/2025,15:00,Fulham,Sunderland,1,0,H,0,0,D,24,4,6,2,5,13,7,4,3,3,0,0,2.1,3.25,3.75,2.2,1.67,2.1,3.24,3.74,2.19,1.65,2.15,3.3,3.9,2.32,1.67,2.06,1.74,2.0,3.4,4.0
E0,22/11/2025,15:00,Liverpool,Nott'm Forest,0,3,A,0,1,A,21,15,4,7,11,8,8,6,2,0,0,0,1.44,5.0,6.25,1.53,2.5,1.42,4.86,6.97,1.53,2.43,1.44,5.0,7.5,1.56,2.5,1.56,2.37,1.45,4.5,7.0
E0,22/11/2025,15:00,Wolves,Crystal Palace,0,2,A,0,0,D,8,10,1,4,13,9,1,4,2,3,0,0,3.8,3.6,1.95,2.05,1.8,3.86,3.5,1.97,1.99,1.78,4.1,3.6,2.0,2.1,1.8,1.93,1.84,4.5,3.9,1.75
E0,22/11/2025,17:30,Newcastle,Man City,2,1,H,0,0,D,9,17,5,4,13,8,5,9,1,3,0,0,3.6,3.8,1.95,1.67,2.2,3.54,3.75,1.98,1.68,2.13,3.65,3.8,2.0,1.71,2.2,1.6,2.29,3.8,3.75,1.91
E0,23/11/2025,14:00,Leeds,Aston Villa,1,2,A,1,0,H,14,14,5,3,18,16,3,3,5,1,0,0,3.0,3.3,2.4,2.1,1.73,3.04,3.25,2.37,2.12,1.69,3.15,3.35,2.45,2.23,1.73,2.07,1.74,3.2,3.3,2.25
E0,23/11/2025,16:30,Arsenal,Tottenham,4,1,H,2,0,H,17,3,8,2,11,15,4,1,1,3,0,0,1.42,4.75,7.5,1.8,2.0,1.39,4.66,8.03,1.77,2.0,1.42,4.9,8.5,1.83,2.06,1.92,1.86,1.48,4.33,7.0
E0,24/11/2025,20:00,Man United,Everton,0,1,A,0,1,A,25,3,6,1,12,9,9,1,2,0,0,1,1.75,4.0,4.33,1.73,2.1,1.74,3.83,4.49,1.74,2.04,1.78,4.1,4.6,1.8,2.1,1.78,2.01,1.85,3.6,4.1
E0,29/11/2025,15:00,Brentford,Burnley,3,1,H,0,0,D,14,6,4,2,7,7,5,6,0,2,0,0,1.45,4.5,7.0,1.73,2.1,1.45,4.54,6.96,1.78,1.99,1.49,4.8,7.5,1.83,2.1,1.77,2.02,1.48,4.33,6.5
E0,29/11/2025,15:00,Man City,Leeds,3,2,H,2,0,H,18,9,9,4,17,11,8,1,4,1,0,0,1.22,6.5,12.0,1.53,2.5,1.23,6.42,11.78,1.52,2.46,1.25,6.5,13.0,1.55,2.5,1.41,2.83,1.2,7.5,11.0
E0,29/11/2025,15:00,Sunderland,Bournemouth,3,2,H,1,2,A,12,18,6,6,14,13,6,3,5,5,0,1,3.2,3.3,2.3,2.0,1.85,3.04,3.3,2.35,1.96,1.81,3.2,3.4,2.43,2.07,1.85,1.96,1.82,3.2,3.3,2.3
E0,29/11/2025,17:30,Everton,Newcastle,1,4,A,0,3,A,10,13,2,8,4,6,8,7,0,0,0,0,2.8,3.25,2.63,2.0,1.8,2.79,3.31,2.55,1.96,1.8,2.95,3.4,2.63,2.0,1.84,1.87,1.91,2.63,3.3,2.7
E0,29/11/2025,20:00,Tottenham,Fulham,1,2,A,0,2,A,14,7,2,3,11,7,8,2,3,2,0,0,2.2,3.3,3.3,1.95,1.9,2.18,3.39,3.33,1.87,1.9,2.25,3.55,3.6,1.95,2.0,1.82,1.96,2.38,3.4,3.0
E0,30/11/2025,12:00,Crystal Palace,Man United,1,2,A,1,0,H,14,14,3,6,14,14,4,4,3,2,0,0,2.3,3.4,3.1,1.73,2.1,2.32,3.51,2.93,1.71,2.08,2.38,3.75,3.1,1.75,2.18,1.71,2.1,2.05,3.7,3.4
E0,30/11/2025,14:05,Aston Villa,Wolves,1,0,H,0,0,D,16,9,6,4,13,21,7,3,0,4,0,0,1.5,4.33,6.5,1.8,2.0,1.48,4.39,6.57,1.78,1.98,1.5,4.6,7.5,1.83,2.08,1.75,2.04,1.5,4.5,6.25
E0,30/11/2025,14:05,Nott'm Forest,Brighton,0,2,A,0,1,A,19,17,3,6,11,10,9,2,0,1,0,0,2.75,3.3,2.63,1.91,1.91,2.72,3.36,2.54,1.88,1.88,2.8,3.4,2.63,1.92,1.92,1.9,1.88,3.0,3.3,2.45
E0,30/11/2025,14:05,West Ham,Liverpool,0,2,A,0,0,D,7,9,0,5,12,14,7,2,1,0,1,0,4.33,4.33,1.67,1.53,2.5,4.28,4.06,1.74,1.51,2.47,4.45,4.33,1.8,1.56,2.5,1.49,2.57,4.75,4.5,1.57
E0,30/11/2025,16:30,Chelsea,Arsenal,1,1,D,0,0,D,11,8,4,4,12,13,3,3,1,6,1,0,3.4,3.3,2.2,1.98,1.88,3.33,3.35,2.18,1.92,1.84,3.45,3.45,2.25,1.98,1.91,2.05,1.75,2.88,3.2,2.55
E0,02/12/2025,19:30,Bournemouth,Everton,0,1,A,0,0,D,5,13,2,3,14,14,1,6,3,3,0,0,2.2,3.25,3.3,1.98,1.88,2.2,3.29,3.38,1.92,1.86,2.25,3.4,3.45,1.98,1.91,1.79,1.99,2.15,3.5,3.3
E0,02/12/2025,19:30,Fulham,Man City,4,5,A,1,3,A,12,11,6,4,9,7,7,2,0,1,0,0,4.33,4.1,1.73,1.67,2.2,4.66,4.04,1.69,1.65,2.2,5.0,4.2,1.73,1.67,2.28,1.68,2.15,5.0,4.2,1.62
E0,02/12/2025,20:15,Newcastle,Tottenham,2,2,D,0,0,D,19,8,7,2,5,12,11,8,0,3,0,0,1.83,3.8,4.1,1.73,2.1,1.8,3.78,4.24,1.72,2.09,1.83,3.9,4.5,1.75,2.14,1.66,2.18,1.85,3.75,4.0
E0,03/12/2025,19:30,Arsenal,Brentford,2,0,H,1,0,H,15,6,7,1,7,9,4,8,0,1,0,0,1.36,5.0,8.5,1.73,2.1,1.35,4.97,8.94,1.73,2.06,1.37,5.25,10.5,1.78,2.1,1.85,1.93,1.42,4.5,7.5
E0,03/12/2025,19:30,Brighton,Aston Villa,3,4,A,2,2,D,16,14,7,10,10,9,5,6,2,2,0,0,2.15,3.5,3.4,1.88,1.98,2.15,3.48,3.33,1.82,1.94,2.17,3.65,3.4,1.9,2.04,1.83,1.96,2.25,3.4,3.2
E0,03/12/2025,19:30,Burnley,Crystal Palace,0,1,A,0,1,A,11,3,4,3,9,8,3,4,0,0,0,0,4.5,3.8,1.75,2.0,1.8,4.57,3.71,1.77,1.97,1.8,4.75,3.8,1.8,2.0,1.86,2.14,1.69,4.75,3.75,1.73
E0,03/12/2025,19:30,Wolves,Nott'm Forest,0,1,A,0,0,D,5,10,1,3,19,11,3,9,2,2,0,0,3.25,3.4,2.25,2.1,1.73,3.28,3.3,2.24,2.07,1.72,3.45,3.4,2.3,2.14,1.75,2.12,1.7,3.1,3.25,2.38
E0,03/12/2025,20:15,Leeds,Chelsea,3,1,H,2,0,H,17,14,5,2,10,13,4,2,1,1,0,0,4.1,4.1,1.8,1.83,2.03,4.31,3.87,1.78,1.81,1.96,4.5,4.1,1.8,1.84,2.03,1.96,1.81,3.9,3.5,1.95
E0,03/12/2025,20:15,Liverpool,Sunderland,1,1,D,0,0,D,23,9,4,6,10,5,7,3,1,1,0,0,1.36,5.25,7.0,1.57,2.38,1.35,5.29,8.05,1.55,2.38,1.37,5.5,8.5,1.57,2.48,1.59,2.31,1.36,5.5,7.0
E0,04/12/2025,20:00,Man United,West Ham,1,1,D,0,0,D,17,11,4,3,13,9,6,6,2,2,0,0,1.45,5.0,6.0,1.53,2.5,1.43,4.81,6.59,1.49,2.53,1.46,5.1,7.0,1.53,2.7,1.5,2.52,1.4,5.25,6.5
E0,06/12/2025,12:30,Aston Villa,Arsenal,2,1,H,1,0,H,15,15,6,9,10,8,3,3,0,2,0,0,4.2,3.5,1.9,2.1,1.73,4.13,3.45,1.91,2.06,1.74,4.2,3.5,1.95,2.1,1.76,2.04,1.76,4.2,3.5,1.9
E0,06/12/2025,15:00,Bournemouth,Chelsea,0,0,D,0,0,D,13,11,5,4,15,13,5,0,0,2,0,0,3.1,3.75,2.15,1.62,2.3,3.14,3.67,2.16,1.63,2.2,3.25,3.75,2.2,1.67,2.3,1.59,2.32,3.3,3.75,2.05
E0,06/12/2025,15:00,Everton,Nott'm Forest,3,0,H,2,0,H,11,7,5,3,17,15,6,3,4,3,0,0,2.2,3.2,3.5,2.1,1.73,2.17,3.25,3.52,2.09,1.7,2.2,3.35,3.65,2.14,1.73,2.09,1.72,2.05,3.25,3.9
E0,06/12/2025,15:00,Man City,Sunderland,3,0,H,2,0,H,18,8,6,1,9,10,6,5,1,0,0,1,1.25,6.5,10.0,1.5,2.63,1.24,6.22,11.38,1.48,2.57,1.26,6.5,13.0,1.5,2.65,1.44,2.72,1.25,6.5,10.0
E0,06/12/2025,15:00,Newcastle,Burnley,2,1,H,2,0,H,17,9,7,3,9,11,9,9,2,2,0,1,1.27,6.0,9.5,1.57,2.38,1.28,5.72,10.39,1.58,2.29,1.3,6.0,11.5,1.62,2.38,1.57,2.35,1.3,5.5,9.5
E0,06/12/2025,15:00,Tottenham,Brentford,2,0,H,2,0,H,15,4,7,1,8,9,7,6,3,4,0,0,2.3,3.5,3.0,1.83,2.03,2.31,3.44,3.03,1.8,1.97,2.38,3.5,3.2,1.86,2.03,1.9,1.87,2.5,3.3,2.88
E0,06/12/2025,17:30,Leeds,Liverpool,3,3,D,0,0,D,12,16,5,7,14,14,5,4,3,3,0,0,3.8,4.0,1.85,1.67,2.2,3.95,3.9,1.84,1.64,2.2,4.2,4.2,1.91,1.67,2.3,1.75,2.05,4.2,4.0,1.75
E0,07/12/2025,14:00,Brighton,West Ham,1,1,D,0,0,D,22,14,4,5,12,8,10,6,2,2,0,0,1.55,4.33,5.75,1.62,2.3,1.55,4.32,5.63,1.6,2.27,1.57,4.5,6.0,1.64,2.3,1.58,2.34,1.6,4.2,5.25
E0,07/12/2025,16:30,Fulham,Crystal Palace,1,2,A,1,1,D,12,11,4,5,5,8,6,4,0,0,0,0,2.55,3.3,2.8,2.0,1.8,2.57,3.27,2.77,2.02,1.76,2.63,3.4,2.88,2.1,1.8,1.93,1.85,2.4,3.4,2.9
E0,08/12/2025,20:00,Wolves,Man United,1,4,A,1,1,D,8,27,2,10,17,12,1,9,3,2,0,0,4.2,4.0,1.75,1.67,2.2,4.22,3.9,1.77,1.67,2.14,4.4,4.1,1.8,1.7,2.2,1.68,2.15,4.75,4.0,1.67
E0,13/12/2025,15:00,Chelsea,Everton,2,0,H,2,0,H,17,11,5,2,13,11,4,7,1,0,0,0,1.67,3.8,5.25,1.88,1.98,1.66,3.9,5.09,1.84,1.91,1.7,4.0,5.5,1.91,1.98,1.82,1.95,1.73,3.75,4.75
E0,13/12/2025,15:00,Liverpool,Brighton,2,0,H,1,0,H,18,14,4,1,8,15,2,2,1,2,0,0,1.67,4.0,4.75,1.53,2.5,1.67,4.17,4.62,1.5,2.48,1.7,4.3,5.0,1.53,2.6,1.58,2.32,1.75,3.9,4.33
E0,13/12/2025,17:30,Burnley,Fulham,2,3,A,1,2,A,16,6,8,4,8,8,10,4,1,2,0,0,4.0,3.5,1.91,2.1,1.73,3.93,3.48,1.95,2.04,1.74,4.0,3.6,2.0,2.1,1.78,2.05,1.74,3.9,3.5,1.95
E0,13/12/2025,20:00,Arsenal,Wolves,2,1,H,0,0,D,16,3,2,2,7,15,8,0,0,4,0,0,1.13,8.5,21.0,1.53,2.5,1.12,8.62,22.31,1.51,2.48,1.14,9.5,26.0,1.53,2.65,1.47,2.61,1.11,9.0,21.0
E0,14/12/2025,14:00,Crystal Palace,Man City,0,3,A,0,1,A,16,7,4,6,9,6,2,2,2,0,0,0,3.9,3.9,1.85,1.67,2.2,3.98,3.81,1.83,1.66,2.16,4.2,4.0,1.88,1.71,2.2,1.69,2.13,4.0,3.8,1.85
E0,14/12/2025,14:00,Nott'm Forest,Tottenham,3,0,H,1,0,H,15,6,6,1,9,13,3,3,1,3,0,0,2.55,3.3,2.8,2.03,1.83,2.55,3.28,2.76,1.95,1.8,2.63,3.35,2.88,2.03,1.86,1.92,1.85,2.7,3.3,2.7
E0,14/12/2025,14:00,Sunderland,Newcastle,1,0,H,0,0,D,5,6,1,2,10,10,3,6,5,4,0,0,3.3,3.3,2.25,1.91,1.91,3.26,3.33,2.22,1.91,1.84,3.35,3.4,2.28,1.96,1.91,1.89,1.87,3.4,3.4,2.2
E0,14/12/2025,14:00,West Ham,Aston Villa,2,3,A,2,1,H,10,7,3,4,18,13,5,3,1,2,0,0,3.75,3.5,2.0,1.8,2.0,3.63,3.51,2.0,1.78,1.97,3.9,3.65,2.05,1.83,2.0,1.75,2.04,3.3,3.4,2.2
E0,14/12/2025,16:30,Brentford,Leeds,1,1,D,0,0,D,7,18,2,4,8,9,0,3,0,0,0,0,1.91,3.6,4.0,1.9,1.95,1.94,3.54,3.85,1.86,1.89,2.0,3.7,4.0,1.91,1.95,2.09,1.71,2.15,3.3,3.6
E0,15/12/2025,20:00,Man United,Bournemouth,4,4,D,2,1,H,25,14,9,9,15,12,5,4,2,3,0,0,1.83,4.0,3.8,1.57,2.38,1.82,3.98,3.84,1.55,2.36,1.85,4.25,4.0,1.57,2.45,1.47,2.64,1.73,4.33,4.2
E0,20/12/2025,12:30,Newcastle,Chelsea,2,2,D,2,0,H,11,13,5,4,13,14,6,4,3,6,0,0,2.75,3.6,2.45,1.67,2.2,2.73,3.51,2.47,1.66,2.18,2.85,3.65,2.6,1.67,2.28,1.63,2.23,2.8,3.6,2.3
E0,20/12/2025,15:00,Bournemouth,Burnley,1,1,D,0,0,D,16,4,1,1,11,11,5,3,1,1,0,0,1.48,4.33,6.5,1.67,2.2,1.47,4.44,6.59,1.68,2.13,1.5,4.75,7.0,1.72,2.2,1.57,2.35,1.48,4.5,6.25
E0,20/12/2025,15:00,Brighton,Sunderland,0,0,D,0,0,D,16,14,4,6,11,15,3,4,2,2,0,0,1.67,4.0,5.25,1.85,2.0,1.65,3.95,5.16,1.8,1.96,1.7,4.2,5.5,1.85,2.02,1.83,1.94,1.85,3.7,4.1
E0,20/12/2025,15:00,Man City,West Ham,3,0,H,2,0,H,17,7,8,3,16,10,6,0,1,1,0,0,1.22,8.0,10.0,1.36,3.2,1.2,7.36,11.88,1.34,3.13,1.22,8.0,13.0,1.36,3.25,1.34,3.17,1.2,7.5,11.0
E0,20/12/2025,15:00,Wolves,Brentford,0,2,A,0,0,D,9,7,2,6,12,15,3,4,2,4,0,0,3.5,3.6,2.05,2.0,1.85,3.59,3.48,2.05,1.93,1.83,3.75,3.6,2.1,2.0,1.91,1.96,1.81,3.4,3.4,2.1
E0,20/12/2025,17:30,Tottenham,Liverpool,1,2,A,0,0,D,15,8,4,4,9,7,2,6,3,3,2,0,3.5,3.75,2.0,1.67,2.2,3.36,3.71,2.02,1.63,2.2,3.5,3.85,2.1,1.67,2.32,1.76,2.02,3.6,3.6,2.0
E0,20/12/2025,20:00,Everton,Arsenal,0,1,A,0,1,A,5,13,1,2,4,5,2,3,2,2,0,0,5.75,4.1,1.57,2.1,1.73,6.03,3.89,1.57,2.05,1.73,6.5,4.1,1.62,2.1,1.77,1.94,1.82,6.25,4.1,1.53
E0,20/12/2025,20:00,Leeds,Crystal Palace,4,1,H,2,0,H,20,9,8,3,5,10,9,5,1,3,0,0,2.6,3.3,2.75,2.1,1.73,2.6,3.25,2.76,2.05,1.73,2.7,3.3,2.88,2.1,1.77,2.35,1.57,2.88,3.1,2.63
E0,21/12/2025,16:30,Aston Villa,Man United,2,1,H,1,1,D,12,15,4,6,11,14,5,5,1,2,0,0,2.1,3.6,3.3,1.67,2.2,2.1,3.64,3.26,1.63,2.21,2.15,3.75,3.4,1.67,2.28,1.61,2.26,2.0,3.7,3.6
E0,22/12/2025,20:00,Fulham,Nott'm Forest,1,0,H,1,0,H,11,12,1,2,5,9,1,5,5,4,0,0,2.4,3.25,3.0,2.05,1.8,2.42,3.27,2.93,1.99,1.76,2.5,3.4,3.1,2.1,1.8,1.88,1.88,2.63,3.3,2.75
E0,26/12/2025,20:00,Man United,Newcastle,1,0,H,1,0,H,10,16,4,3,9,5,2,11,2,1,0,0,2.55,3.6,2.6,1.67,2.2,2.47,3.58,2.67,1.62,2.22,2.55,3.75,2.8,1.67,2.32,1.58,2.32,2.5,3.7,2.6
E0,27/12/2025,12:30,Nott'm Forest,Man City,1,2,A,0,0,D,7,16,2,5,5,13,5,5,1,2,0,0,5.0,4.33,1.6,1.67,2.2,5.21,4.24,1.59,1.62,2.23,5.6,4.4,1.6,1.67,2.38,1.6,2.28,5.0,4.2,1.62
E0,27/12/2025,15:00,Arsenal,Brighton,2,1,H,1,0,H,24,8,6,3,7,13,7,2,2,3,0,0,1.42,4.75,7.0,1.67,2.2,1.41,4.73,7.34,1.64,2.2,1.44,5.0,8.0,1.67,2.25,1.53,2.45,1.33,5.5,8.0
E0,27/12/2025,15:00,Brentford,Bournemouth,4,1,H,2,0,H,15,20,7,10,9,8,2,15,2,2,0,0,2.25,3.6,3.0,1.67,2.2,2.25,3.57,2.98,1.69,2.11,2.32,3.75,3.1,1.73,2.2,1.8,1.98,2.25,3.4,3.2
E0,27/12/2025,15:00,Burnley,Everton,0,0,D,0,0,D,16,15,0,6,8,8,6,5,0,2,0,0,4.1,3.4,1.95,2.2,1.67,4.03,3.33,1.96,2.16,1.66,4.25,3.5,2.0,2.2,1.71,2.41,1.55,3.6,3.1,2.2
E0,27/12/2025,15:00,Liverpool,Wolves,2,1,H,2,0,H,14,9,4,4,5,13,6,4,0,1,0,0,1.25,6.5,10.0,1.5,2.63,1.24,6.31,11.25,1.46,2.62,1.25,6.75,13.0,1.5,2.75,1.45,2.7,1.22,7.0,11.0
E0,27/12/2025,15:00,West Ham,Fulham,0,1,A,0,0,D,11,15,2,4,8,8,5,4,1,3,0,0,2.63,3.4,2.6,1.8,2.0,2.65,3.38,2.59,1.78,1.98,2.8,3.5,2.75,1.83,2.04,1.86,1.9,3.0,3.3,2.35
E0,27/12/2025,17:30,Chelsea,Aston Villa,1,2,A,1,0,H,14,11,3,8,16,8,6,7,5,3,0,0,1.83,3.9,4.0,1.67,2.2,1.84,3.82,3.97,1.68,2.12,1.89,4.0,4.2,1.72,2.2,1.67,2.16,1.75,4.0,4.2
E0,28/12/2025,14:00,Sunderland,Leeds,1,1,D,1,0,H,8,17,3,6,7,9,3,9,1,0,0,0,2.5,3.1,2.88,2.2,1.67,2.56,3.18,2.8,2.19,1.64,2.7,3.25,2.88,2.28,1.67,2.31,1.58,2.9,3.2,2.55
E0,28/12/2025,16:30,Crystal Palace,Tottenham,0,1,A,0,1,A,15,8,2,4,7,5,3,2,3,2,0,0,2.25,3.25,3.2,2.0,1.8,2.25,3.33,3.19,1.96,1.8,2.3,3.45,3.35,2.02,1.83,1.86,1.91,2.2,3.4,3.25
E0,30/12/2025,19:30,Burnley,Newcastle,1,3,A,1,2,A,15,20,4,9,9,3,3,4,2,1,0,0,5.25,4.2,1.6,1.8,2.0,5.5,4.11,1.59,1.77,2.0,5.75,4.35,1.62,1.8,2.05,1.77,2.01,5.5,4.2,1.57
E0,30/12/2025,19:30,Chelsea,Bournemouth,2,2,D,2,2,D,17,17,3,6,5,12,12,3,1,1,0,0,1.5,4.75,5.75,1.5,2.63,1.51,4.56,5.81,1.49,2.58,1.53,4.75,6.5,1.5,2.7,1.45,2.7,1.62,4.5,5.0
E0,30/12/2025,19:30,Nott'm Forest,Everton,0,2,A,0,1,A,21,11,6,3,11,9,9,2,1,0,0,0,2.1,3.25,3.7,2.3,1.62,2.12,3.21,3.7,2.28,1.6,2.2,3.25,3.8,2.33,1.62,2.21,1.65,1.83,3.5,4.2
E0,30/12/2025,19:30,West Ham,Brighton,2,2,D,2,1,H,10,16,4,6,11,18,5,5,3,5,0,0,3.4,3.75,2.0,1.67,2.2,3.41,3.67,2.04,1.65,2.19,3.6,3.75,2.1,1.67,2.25,1.69,2.13,3.4,3.7,2.1
E0,30/12/2025,20:15,Arsenal,Aston Villa,4,1,H,0,0,D,22,11,7,3,18,9,3,3,2,3,0,0,1.42,4.75,7.0,1.67,2.2,1.43,4.68,7.02,1.67,2.17,1.45,5.0,7.5,1.68,2.23,1.66,2.17,1.36,5.25,7.5
E0,30/12/2025,20:15,Man United,Wolves,1,1,D,1,1,D,15,11,6,4,9,12,8,4,0,2,0,0,1.36,5.25,8.0,1.62,2.3,1.37,5.06,8.09,1.58,2.32,1.4,5.25,9.0,1.63,2.4,1.53,2.45,1.36,5.25,7.0
E0,01/01/2026,17:30,Crystal Palace,Fulham,1,1,D,1,0,H,11,17,2,5,7,10,6,3,0,5,0,0,2.15,3.3,3.4,2.1,1.73,2.17,3.34,3.4,2.01,1.74,2.2,3.4,3.5,2.1,1.78,2.06,1.73,2.2,3.25,3.4
E0,01/01/2026,17:30,Liverpool,Leeds,0,0,D,0,0,D,19,4,4,2,10,8,8,3,0,2,0,0,1.55,4.5,5.5,1.62,2.3,1.53,4.41,5.83,1.59,2.29,1.55,4.6,6.4,1.62,2.38,1.69,2.13,1.48,4.5,6.5
E0,01/01/2026,20:00,Brentford,Tottenham,0,0,D,0,0,D,7,9,2,3,8,10,3,1,1,2,0,0,2.1,3.6,3.2,1.93,1.93,2.11,3.49,3.35,1.87,1.88,2.15,3.6,3.5,1.93,1.96,1.91,1.86,2.4,3.5,2.88
E0,01/01/2026,20:00,Sunderland,Man City,0,0,D,0,0,D,10,14,4,4,9,6,3,5,1,1,0,0,7.5,4.75,1.38,1.62,2.3,7.81,4.82,1.39,1.62,2.22,8.5,5.0,1.44,1.65,2.3,1.63,2.24,7.0,5.0,1.42
E0,03/01/2026,12:30,Aston Villa,Nott'm Forest,3,1,H,1,0,H,11,10,4,5,10,20,4,4,1,2,0,0,1.75,3.9,4.5,1.8,2.0,1.76,3.74,4.54,1.8,1.97,1.8,3.9,4.75,1.85,2.0,1.83,1.93,1.91,3.5,4.0
E0,03/01/2026,15:00,Brighton,Burnley,2,0,H,1,0,H,15,5,4,3,7,17,4,4,0,4,0,0,1.48,4.33,7.0,1.73,2.1,1.49,4.35,6.56,1.7,2.1,1.5,4.5,7.0,1.76,2.15,1.67,2.16,1.44,4.5,7.0
E0,03/01/2026,15:00,Wolves,West Ham,3,0,H,3,0,H,11,6,8,0,11,10,6,7,1,0,0,0,2.5,3.3,2.88,1.98,1.88,2.48,3.37,2.82,1.91,1.85,2.52,3.5,2.95,1.98,1.91,1.86,1.91,2.6,3.4,2.63
E0,03/01/2026,17:30,Bournemouth,Arsenal,2,3,A,1,1,D,15,12,3,5,13,8,7,5,3,1,0,0,6.5,4.75,1.44,1.62,2.3,6.13,4.57,1.48,1.62,2.22,6.5,5.0,1.53,1.66,2.3,1.61,2.27,6.0,4.5,1.5
E0,04/01/2026,12:30,Leeds,Man United,1,1,D,0,0,D,11,15,3,2,9,9,6,4,0,1,0,0,2.7,3.3,2.63,1.83,2.03,2.68,3.44,2.56,1.8,1.96,2.8,3.5,2.63,1.85,2.03,1.95,1.82,2.8,3.2,2.6
E0,04/01/2026,15:00,Everton,Brentford,2,4,A,0,1,A,14,11,6,7,9,8,4,5,0,2,0,0,2.35,3.25,3.1,2.2,1.67,2.36,3.19,3.1,2.19,1.64,2.4,3.25,3.25,2.3,1.67,2.15,1.68,2.45,3.2,3.1
E0,04/01/2026,15:00,Newcastle,Crystal Palace,2,0,H,0,0,D,12,11,7,1,5,12,8,6,1,3,0,0,1.7,3.9,4.75,1.8,2.0,1.67,3.92,4.89,1.75,2.02,1.7,4.1,5.3,1.8,2.12,1.71,2.09,1.67,4.1,4.75
E0,04/01/2026,15:00,Tottenham,Sunderland,1,1,D,1,0,H,13,10,5,3,10,6,3,5,2,3,0,0,1.8,3.6,4.5,2.0,1.8,1.8,3.65,4.37,2.0,1.77,1.84,3.8,4.7,2.05,1.8,2.09,1.72,1.95,3.5,3.9
E0,04/01/2026,15:15,Fulham,Liverpool,2,2,D,1,0,H,8,10,2,2,11,4,3,8,1,1,0,0,3.8,3.75,1.91,1.8,2.0,3.74,3.68,1.92,1.77,2.0,3.95,3.8,1.96,1.82,2.02,1.87,1.89,4.0,3.75,1.85
E0,04/01/2026,17:30,Man City,Chelsea,1,1,D,1,0,H,14,8,3,3,12,14,8,2,3,3,0,0,1.6,4.75,4.5,1.5,2.63,1.63,4.39,4.66,1.49,2.55,1.67,4.75,5.1,1.5,2.63,1.37,3.02,1.5,5.0,5.5
E0,06/01/2026,20:00,West Ham,Nott'm Forest,1,2,A,1,0,H,14,13,3,5,15,9,6,5,3,0,0,0,2.88,3.25,2.2,1.98,1.88,3.1,3.33,2.3,1.91,1.86,3.25,3.4,2.38,1.98,1.91,1.83,1.93,2.9,3.5,2.35
E0,07/01/2026,19:30,Bournemouth,Tottenham,3,2,H,2,1,H,11,16,3,4,19,10,3,7,3,3,0,0,2.1,3.6,3.3,1.73,2.1,2.11,3.62,3.27,1.69,2.11,2.18,3.75,3.4,1.73,2.2,1.72,2.07,2.2,3.6,3.1
E0,07/01/2026,19:30,Brentford,Sunderland,3,0,H,1,0,H,18,11,6,3,13,13,7,4,2,1,0,0,1.85,3.5,4.33,2.05,1.8,1.83,3.56,4.36,1.98,1.79,1.88,3.6,4.5,2.05,1.85,2.31,1.59,2.05,3.3,3.75
E0,07/01/2026,19:30,Crystal Palace,Aston Villa,0,0,D,0,0,D,11,15,5,3,8,3,3,5,2,0,0,0,3.1,3.3,2.3,1.93,1.93,3.08,3.36,2.31,1.9,1.86,3.2,3.5,2.38,1.95,1.93,1.84,1.93,2.9,3.4,2.4
E0,07/01/2026,19:30,Everton,Wolves,1,1,D,1,0,H,13,13,2,4,13,15,2,7,1,3,2,0,1.75,3.5,5.0,2.1,1.73,1.76,3.55,4.85,2.05,1.73,1.8,3.65,5.25,2.12,1.75,2.01,1.77,1.85,3.5,4.33
E0,07/01/2026,19:30,Fulham,Chelsea,2,1,H,0,0,D,16,14,5,6,11,6,2,11,3,3,0,1,3.4,3.6,2.05,1.8,2.0,3.38,3.59,2.07,1.77,2.0,3.5,3.7,2.12,1.8,2.04,1.84,1.93,3.7,3.5,2.0
E0,07/01/2026,19:30,Man City,Brighton,1,1,D,1,0,H,22,6,6,3,6,16,6,2,1,6,0,0,1.4,5.25,6.5,1.44,2.75,1.37,5.23,7.27,1.42,2.76,1.4,5.5,8.5,1.44,2.88,1.43,2.75,1.5,4.5,5.75
E0,07/01/2026,20:15,Burnley,Man United,2,2,D,1,0,H,7,30,1,10,9,8,2,6,2,0,0,0,4.75,4.0,1.7,1.73,2.1,4.68,3.95,1.7,1.71,2.08,5.0,4.0,1.75,1.76,2.1,1.81,1.96,4.75,3.9,1.7
E0,07/01/2026,20:15,Newcastle,Leeds,4,3,H,1,2,A,18,14,8,6,11,10,8,4,3,2,0,0,1.67,3.8,5.0,1.83,2.03,1.67,3.87,5.02,1.79,1.98,1.73,4.1,5.5,1.83,2.04,1.78,1.99,1.6,3.9,6.0
E0,08/01/2026,20:00,Arsenal,Liverpool,0,0,D,0,0,D,9,8,4,0,10,9,3,0,2,2,0,0,1.6,4.1,5.0,1.73,2.1,1.6,4.11,5.25,1.71,2.07,1.64,4.33,5.6,1.76,2.1,1.77,2.01,1.57,4.1,5.75
E0,17/01/2026,12:30,Man United,Man City,2,0,H,0,0,D,11,7,7,1,13,8,1,6,2,3,0,0,3.7,3.8,1.91,1.53,2.5,3.55,3.87,1.94,1.48,2.56,3.7,4.0,2.0,1.53,2.63,1.5,2.54,2.9,3.6,2.3
E0,17/01/2026,15:00,Chelsea,Brentford,2,0,H,1,0,H,6,15,2,5,7,10,3,9,3,2,0,0,1.73,4.0,4.75,1.62,2.3,1.69,3.97,4.75,1.63,2.21,1.73,4.1,5.1,1.68,2.3,1.61,2.27,1.85,3.75,4.1
E0,17/01/2026,15:00,Leeds,Fulham,1,0,H,0,0,D,14,8,5,1,6,11,7,3,1,5,0,0,2.15,3.3,3.5,2.1,1.73,2.17,3.33,3.41,2.05,1.74,2.23,3.4,3.5,2.1,1.77,1.91,1.86,2.35,3.4,3.0
E0,17/01/2026,15:00,Liverpool,Burnley,1,1,D,1,0,H,32,7,11,1,8,10,9,1,1,2,0,0,1.22,6.5,11.0,1.57,2.38,1.22,6.4,12.44,1.54,2.39,1.25,6.75,16.0,1.57,2.5,1.53,2.44,1.22,6.5,12.0
E0,17/01/2026,15:00,Sunderland,Crystal Palace,2,1,H,1,1,D,13,6,7,2,8,15,3,4,3,3,0,0,2.75,3.1,2.75,2.2,1.67,2.69,3.15,2.74,2.2,1.64,2.75,3.2,2.85,2.25,1.67,2.23,1.63,2.4,3.2,3.1
E0,17/01/2026,15:00,Tottenham,West Ham,1,2,A,0,1,A,21,17,6,4,12,17,11,5,5,3,0,0,1.73,4.0,4.5,1.73,2.1,1.71,3.91,4.63,1.71,2.08,1.75,4.0,4.9,1.74,2.12,1.71,2.09,1.85,3.75,3.9
E0,17/01/2026,17:30,Nott'm Forest,Arsenal,0,0,D,0,0,D,6,15,0,3,8,14,4,9,1,1,0,0,6.0,4.33,1.53,1.91,1.91,6.1,4.16,1.54,1.86,1.89,6.5,4.4,1.57,1.91,1.96,1.99,1.78,5.5,3.9,1.62
E0,18/01/2026,14:00,Wolves,Newcastle,0,0,D,0,0,D,6,12,2,2,14,8,4,7,2,2,0,0,4.75,4.0,1.7,1.67,2.2,4.6,3.98,1.7,1.66,2.16,5.0,4.2,1.73,1.72,2.2,1.6,2.27,4.5,4.0,1.7
E0,18/01/2026,16:30,Aston Villa,Everton,0,1,A,0,0,D,18,9,5,3,15,13,6,4,1,2,0,0,1.67,3.9,5.25,1.93,1.93,1.66,3.87,5.09,1.88,1.87,1.7,4.0,5.5,1.93,1.93,1.81,1.95,1.62,3.9,5.75
E0,19/01/2026,20:00,Brighton,Bournemouth,1,1,D,0,1,A,17,11,5,2,7,6,11,6,2,3,0,0,1.85,3.9,3.8,1.5,2.63,1.85,3.92,3.75,1.5,2.53,1.91,4.1,4.1,1.53,2.65,1.51,2.51,1.95,3.75,3.7
E0,24/01/2026,12:30,West Ham,Sunderland,3,1,H,3,0,H,13,7,5,2,9,16,3,3,2,4,0,0,2.5,3.2,2.88,2.1,1.73,2.51,3.24,2.85,2.08,1.71,2.6,3.4,2.9,2.14,1.75,2.02,1.76,2.2,3.3,3.25
E0,24/01/2026,15:00,Burnley,Tottenham,2,2,D,1,1,D,9,18,4,11,8,9,1,3,1,0,0,0,3.7,3.5,2.05,2.0,1.8,3.64,3.39,2.05,1.99,1.77,3.8,3.5,2.1,2.02,1.81,2.1,1.71,3.9,3.4,2.0
E0,24/01/2026,15:00,Fulham,Brighton,2,1,H,0,1,A,12,13,4,5,10,6,6,6,1,1,0,0,2.6,3.4,2.7,1.73,2.1,2.54,3.42,2.71,1.76,2.01,2.6,3.5,2.75,1.82,2.1,1.84,1.93,2.55,3.3,2.75
E0,24/01/2026,15:00,Man City,Wolves,2,0,H,2,0,H,11,11,4,1,16,14,4,6,1,3,0,0,1.2,7.0,11.0,1.4,3.0,1.21,6.68,12.0,1.39,2.87,1.24,7.5,15.0,1.44,3.0,1.54,2.43,1.3,5.75,9.0
E0,24/01/2026,17:30,Bournemouth,Liverpool,3,2,H,2,1,H,12,14,5,4,7,7,3,11,1,1,0,0,3.75,3.8,1.9,1.62,2.3,3.73,3.87,1.89,1.57,2.32,3.85,4.0,1.92,1.62,2.43,1.53,2.44,4.2,4.0,1.75
E0,25/01/2026,14:00,Brentford,Nott'm Forest,0,2,A,0,1,A,10,7,1,2,11,10,6,5,1,0,0,0,1.91,3.5,4.1,1.98,1.88,1.9,3.49,4.02,1.92,1.85,1.95,3.6,4.35,1.98,1.91,1.93,1.85,1.85,3.6,4.33
E0,25/01/2026,14:00,Crystal Palace,Chelsea,1,3,A,0,1,A,13,10,7,6,11,10,4,5,2,2,1,0,3.5,3.8,2.0,1.73,2.1,3.5,3.66,2.0,1.74,2.04,3.65,3.8,2.05,1.8,2.1,1.78,2.0,3.4,3.5,2.1
E0,25/01/2026,14:00,Newcastle,Aston Villa,0,2,A,0,1,A,15,14,4,8,7,12,6,5,1,2,0,0,1.95,3.7,3.7,1.67,2.2,1.98,3.66,3.54,1.64,2.19,2.02,3.8,3.7,1.7,2.25,1.64,2.22,2.15,3.6,3.3
E0,25/01/2026,16:30,Arsenal,Man United,2,3,A,1,1,D,15,10,4,3,11,9,9,2,2,0,0,0,1.55,4.2,6.0,1.73,2.1,1.55,4.08,5.89,1.69,2.1,1.6,4.2,6.4,1.73,2.15,1.66,2.18,1.53,4.5,5.75
E0,26/01/2026,20:00,Everton,Leeds,1,1,D,0,1,A,10,14,3,4,9,13,4,4,0,3,0,0,2.5,3.25,2.9,2.2,1.67,2.48,3.15,2.92,2.19,1.64,2.6,3.25,3.0,2.32,1.67,2.24,1.63,2.5,3.2,2.9
E0,31/01/2026,15:00,Brighton,Everton,1,1,D,0,0,D,11,7,2,4,13,14,5,2,1,2,0,0,1.85,3.6,4.1,1.9,1.95,1.86,3.6,4.13,1.83,1.93,1.91,3.75,4.3,1.9,2.0,1.98,1.8,1.91,3.5,4.0
E0,31/01/2026,15:00,Leeds,Arsenal,0,4,A,0,2,A,3,14,1,8,10,7,4,12,1,1,0,0,5.75,4.2,1.55,1.98,1.88,6.16,4.1,1.54,1.92,1.85,6.75,4.25,1.57,2.0,1.92,1.87,1.89,5.5,4.2,1.57
E0,31/01/2026,15:00,Wolves,Bournemouth,0,2,A,0,1,A,17,9,7,4,11,15,5,6,3,3,0,0,2.9,3.5,2.3,1.73,2.1,2.95,3.5,2.31,1.73,2.06,3.1,3.6,2.38,1.77,2.1,1.79,1.98,2.8,3.5,2.45
E0,31/01/2026,17:30,Chelsea,West Ham,3,2,H,0,2,A,14,11,6,6,11,13,9,3,3,2,0,1,1.5,4.5,6.0,1.53,2.5,1.49,4.53,6.05,1.53,2.43,1.51,4.75,6.5,1.55,2.5,1.51,2.49,1.62,4.33,5.0
E0,31/01/2026,20:00,Liverpool,Newcastle,4,1,H,2,1,H,17,8,7,2,11,7,7,11,1,3,0,0,1.8,3.9,4.1,1.62,2.3,1.77,3.99,4.12,1.61,2.24,1.83,4.2,4.2,1.66,2.3,1.45,2.68,1.62,4.33,4.75
E0,01/02/2026,14:00,Aston Villa,Brentford,0,1,A,0,1,A,27,6,5,2,8,8,12,1,0,3,0,0,2.1,3.5,3.4,1.8,2.0,2.08,3.47,3.46,1.78,1.98,2.12,3.6,3.6,1.8,2.06,1.85,1.92,2.38,3.4,3.0
E0,01/02/2026,14:00,Man United,Fulham,3,2,H,1,0,H,13,14,6,6,6,9,3,7,2,1,0,0,1.57,4.5,5.0,1.67,2.2,1.58,4.32,5.2,1.65,2.17,1.61,4.6,5.5,1.67,2.25,1.47,2.62,1.53,4.75,5.25
E0,01/02/2026,14:00,Nott'm Forest,Crystal Palace,1,1,D,1,1,D,9,14,1,3,4,12,5,7,1,3,0,0,1.95,3.5,3.9,2.0,1.8,1.95,3.48,3.88,1.97,1.78,1.98,3.6,4.0,2.04,1.8,2.16,1.68,2.1,3.3,3.6
E0,01/02/2026,16:30,Tottenham,Man City,2,2,D,0,2,A,12,15,6,3,15,12,3,4,3,3,0,0,4.5,4.1,1.73,1.62,2.3,4.41,4.06,1.71,1.61,2.26,4.6,4.4,1.75,1.62,2.32,1.61,2.27,4.75,4.1,1.67
E0,02/02/2026,20:00,Sunderland,Burnley,3,0,H,2,0,H,14,5,5,0,12,10,1,2,1,4,0,0,1.8,3.5,4.75,2.2,1.67,1.8,3.42,4.73,2.21,1.63,1.83,3.6,5.0,2.28,1.67,2.42,1.54,1.91,3.3,4.33
E0,06/02/2026,20:00,Leeds,Nott'm Forest,3,1,H,2,0,H,14,16,5,6,9,12,5,10,1,1,0,0,2.2,3.3,3.4,2.1,1.73,2.21,3.26,3.37,2.08,1.72,2.33,3.4,3.5,2.14,1.75,1.91,1.86,2.1,3.4,3.5
E0,07/02/2026,12:30,Man United,Tottenham,2,0,H,1,0,H,23,7,10,1,12,11,7,0,1,2,0,1,1.57,4.5,5.0,1.44,2.75,1.57,4.54,4.97,1.46,2.65,1.61,4.75,5.4,1.5,2.75,1.47,2.64,1.6,4.5,4.75
E0,07/02/2026,15:00,Arsenal,Sunderland,3,0,H,1,0,H,16,5,5,3,11,8,5,2,1,2,0,0,1.22,6.25,12.0,1.73,2.1,1.21,6.23,14.08,1.69,2.11,1.23,6.75,16.0,1.73,2.23,1.79,1.98,1.25,6.0,11.0
E0,07/02/2026,15:00,Bournemouth,Aston Villa,1,1,D,0,1,A,20,7,9,4,4,11,11,4,1,1,0,0,2.7,3.5,2.5,1.67,2.2,2.68,3.6,2.46,1.66,2.16,2.8,3.75,2.5,1.67,2.23,1.63,2.23,2.8,3.6,2.4
E0,07/02/2026,15:00,Burnley,West Ham,0,2,A,0,2,A,18,6,5,4,11,10,5,2,3,1,0,0,3.3,3.5,2.15,1.9,1.95,3.28,3.5,2.14,1.86,1.89,3.4,3.6,2.2,1.93,1.95,1.7,2.12,3.2,3.7,2.15
E0,07/02/2026,15:00,Fulham,Everton,1,2,A,1,0,H,13,16,3,3,11,12,6,6,1,5,0,0,2.1,3.25,3.75,2.2,1.67,2.1,3.27,3.64,2.18,1.65,2.15,3.4,3.8,2.25,1.67,1.89,1.87,2.1,3.4,3.5
E0,07/02/2026,15:00,Wolves,Chelsea,1,3,A,0,3,A,11,15,3,6,9,10,3,4,1,1,0,0,5.0,4.0,1.67,1.73,2.1,4.9,4.05,1.65,1.68,2.12,5.4,4.2,1.7,1.73,2.2,1.62,2.25,5.0,4.2,1.6
E0,07/02/2026,17:30,Newcastle,Brentford,2,3,A,1,2,A,16,11,4,5,14,18,9,3,2,2,0,0,2.1,3.5,3.5,1.73,2.1,2.05,3.53,3.51,1.67,2.14,2.1,3.75,3.75,1.73,2.2,1.64,2.22,1.91,3.75,3.75
E0,08/02/2026,14:00,Brighton,Crystal Palace,0,1,A,0,0,D,7,7,2,4,12,9,3,4,1,3,0,0,1.95,3.5,3.9,1.8,2.0,1.96,3.57,3.68,1.79,1.96,2.0,3.75,3.9,1.85,2.0,1.91,1.85,2.2,3.3,3.4
E0,08/02/2026,16:30,Liverpool,Man City,1,2,A,0,0,D,15,17,4,7,13,16,5,4,2,4,1,0,2.38,3.7,2.75,1.57,2.38,2.34,3.68,2.76,1.56,2.36,2.42,3.75,2.88,1.6,2.4,1.45,2.66,2.1,3.9,3.0
E0,10/02/2026,19:30,Chelsea,Leeds,2,2,D,1,0,H,19,4,4,2,9,13,4,1,4,4,0,0,1.55,4.33,5.5,1.62,2.3,1.55,4.28,5.66,1.61,2.24,1.57,4.4,6.0,1.63,2.3,1.61,2.25,1.53,4.33,5.75
E0,10/02/2026,19:30,Everton,Bournemouth,1,2,A,1,0,H,16,11,6,4,14,15,7,2,1,3,1,0,2.38,3.4,3.0,1.88,1.98,2.41,3.35,2.91,1.82,1.93,2.5,3.45,3.0,1.88,1.98,1.7,2.09,2.3,3.5,3.0
E0,10/02/2026,19:30,Tottenham,Newcastle,1,2,A,0,1,A,16,21,2,5,15,11,2,12,3,2,0,0,3.2,3.6,2.2,1.73,2.1,3.18,3.48,2.2,1.7,2.11,3.25,3.6,2.3,1.73,2.15,1.56,2.38,3.0,3.7,2.25
E0,10/02/2026,20:15,West Ham,Man United,1,1,D,0,0,D,7,9,3,3,10,4,5,3,1,1,0,0,4.5,4.2,1.7,1.5,2.63,4.36,4.23,1.7,1.47,2.6,4.5,4.4,1.73,1.5,2.75,1.48,2.59,4.33,4.33,1.7
E0,11/02/2026,19:30,Aston Villa,Brighton,1,0,H,0,0,D,15,9,1,3,9,15,7,5,2,3,0,0,1.91,3.7,3.8,1.8,2.0,1.92,3.67,3.79,1.75,2.02,1.95,3.8,3.85,1.8,2.08,1.61,2.27,2.1,3.75,3.25
E0,11/02/2026,19:30,Crystal Palace,Burnley,2,3,A,2,3,A,21,8,3,3,11,8,8,2,2,1,0,0,1.57,4.0,6.25,1.98,1.88,1.55,3.98,6.18,1.91,1.83,1.58,4.2,6.5,1.98,1.91,1.73,2.07,1.45,4.5,7.0
E0,11/02/2026,19:30,Man City,Fulham,3,0,H,3,0,H,13,14,5,3,8,10,4,4,3,1,0,0,1.36,5.5,7.0,1.53,2.5,1.34,5.33,8.08,1.52,2.45,1.38,5.5,9.0,1.56,2.5,1.43,2.73,1.36,5.5,7.5
E0,11/02/2026,19:30,Nott'm Forest,Wolves,0,0,D,0,0,D,35,7,10,3,12,13,8,2,0,2,0,0,1.7,3.8,5.0,2.0,1.85,1.69,3.72,5.09,1.94,1.81,1.75,3.8,5.5,2.0,1.85,1.76,2.02,1.75,3.9,4.33
E0,11/02/2026,20:15,Sunderland,Liverpool,0,1,A,0,0,D,11,23,2,3,8,10,3,11,1,0,0,0,4.75,3.8,1.73,1.8,2.0,4.65,3.83,1.72,1.79,1.96,5.0,4.0,1.77,1.83,2.0,1.73,2.07,4.33,3.8,1.75
E0,12/02/2026,20:00,Brentford,Arsenal,1,1,D,0,0,D,12,7,3,2,12,11,6,4,3,2,0,0,4.75,3.9,1.7,1.88,1.98,4.83,3.86,1.69,1.83,1.92,5.1,4.0,1.7,1.9,2.02,1.85,1.91,5.0,3.75,1.67
E0,18/02/2026,20:00,Wolves,Arsenal,2,2,D,0,1,A,5,10,2,4,6,8,1,3,2,1,0,0,11.0,5.25,1.29,1.73,2.1,10.94,5.48,1.28,1.69,2.11,12.0,5.8,1.3,1.73,2.2,1.69,2.13,12.0,6.5,1.22
E0,21/02/2026,15:00,Aston Villa,Leeds,1,1,D,0,1,A,16,14,4,4,11,16,7,2,1,4,0,0,1.85,3.6,4.33,1.83,2.03,1.84,3.62,4.24,1.81,1.95,1.9,3.8,4.5,1.86,2.03,1.77,2.02,1.83,3.6,4.33
E0,21/02/2026,15:00,Brentford,Brighton,0,2,A,0,2,A,13,11,3,7,9,14,6,4,1,2,0,0,2.0,3.7,3.5,1.8,2.0,2.01,3.7,3.45,1.74,2.02,2.05,3.8,3.6,1.8,2.1,1.75,2.04,2.3,3.4,3.1
E0,21/02/2026,15:00,Chelsea,Burnley,1,1,D,1,0,H,12,12,2,4,13,11,9,5,2,2,1,0,1.22,6.5,12.0,1.44,2.75,1.2,6.7,12.88,1.42,2.73,1.23,7.0,15.0,1.45,2.85,1.45,2.69,1.25,6.25,11.0
E0,21/02/2026,17:30,West Ham,Bournemouth,0,0,D,0,0,D,20,10,3,5,10,11,9,5,1,1,0,0,2.5,3.7,2.63,1.57,2.38,2.41,3.65,2.71,1.54,2.38,2.5,3.75,2.8,1.58,2.43,1.55,2.38,2.75,3.6,2.45
E0,21/02/2026,20:00,Man City,Newcastle,2,1,H,2,1,H,15,13,7,7,12,13,5,5,2,5,0,0,1.45,5.0,5.5,1.44,2.75,1.46,4.92,5.82,1.41,2.77,1.48,5.0,6.1,1.45,2.85,1.43,2.73,1.57,4.75,5.0
E0,22/02/2026,14:00,Crystal Palace,Wolves,1,0,H,0,0,D,14,12,3,7,19,13,7,3,5,1,0,1,1.65,4.0,5.0,1.91,1.91,1.62,3.99,5.26,1.89,1.86,1.65,4.2,5.5,1.95,1.91,1.87,1.9,1.75,3.8,4.33
E0,22/02/2026,14:00,Nott'm Forest,Liverpool,0,1,A,0,0,D,18,10,2,4,13,9,7,2,2,0,0,0,4.1,3.9,1.8,1.73,2.1,4.08,3.88,1.8,1.68,2.13,4.4,4.0,1.83,1.73,2.2,1.64,2.2,3.6,3.9,1.91
E0,22/02/2026,14:00,Sunderland,Fulham,1,3,A,0,0,D,12,12,2,4,6,13,6,4,1,1,0,0,2.7,3.25,2.7,2.2,1.67,2.65,3.27,2.67,2.12,1.68,2.7,3.4,2.75,2.2,1.71,2.01,1.78,2.88,3.25,2.5
E0,22/02/2026,16:30,Tottenham,Arsenal,1,4,A,1,1,D,6,20,5,7,17,11,2,5,2,1,0,0,6.0,4.0,1.57,1.8,2.0,5.83,3.98,1.56,1.77,1.98,6.1,4.2,1.6,1.83,2.02,1.82,1.96,7.5,4.5,1.4
E0,23/02/2026,20:00,Everton,Man United,0,1,A,0,0,D,12,11,4,3,12,7,10,1,2,3,0,0,3.7,3.75,1.91,1.73,2.1,3.57,3.73,1.94,1.68,2.12,3.7,3.9,2.0,1.73,2.15,1.74,2.05,3.3,3.4,1.91
E0,27/02/2026,20:00,Wolves,Aston Villa,2,0,H,0,0,D,9,14,2,5,13,19,0,5,3,3,0,0,4.1,3.7,1.85,1.85,2.0,4.17,3.64,1.84,1.84,1.93,4.35,3.7,1.9,1.91,2.0,1.87,1.89,4.75,3.7,1.75
E0,28/02/2026,12:30,Bournemouth,Sunderland,1,1,D,0,1,A,21,8,5,4,15,12,7,3,4,2,0,0,1.8,3.75,4.33,1.8,2.0,1.77,3.8,4.34,1.77,2.02,1.8,4.0,4.5,1.8,2.1,1.82,1.95,1.83,3.6,4.33
E0,28/02/2026,15:00,Burnley,Brentford,3,4,A,1,3,A,12,16,3,7,9,9,4,8,2,2,0,0,4.5,3.9,1.73,1.85,2.0,4.58,3.81,1.73,1.81,1.94,4.9,4.0,1.76,1.89,2.0,1.74,2.06,4.33,3.9,1.75
E0,28/02/2026,15:00,Liverpool,West Ham,5,2,H,3,0,H,18,11,7,4,12,11,10,5,2,2,0,0,1.42,4.75,6.5,1.44,2.75,1.41,5.02,6.68,1.42,2.73,1.44,5.5,7.0,1.48,2.8,1.43,2.75,1.4,5.0,7.0
E0,28/02/2026,15:00,Newcastle,Everton,2,3,A,1,2,A,17,9,7,5,15,7,7,2,2,3,0,0,1.7,4.0,4.75,1.73,2.1,1.69,3.92,4.67,1.73,2.05,1.73,4.0,4.8,1.77,2.1,1.76,2.02,1.75,3.8,4.33
E0,28/02/2026,17:30,Leeds,Man City,0,1,A,0,1,A,14,14,2,5,10,8,5,3,0,3,0,0,4.75,4.33,1.62,1.62,2.3,5.0,4.25,1.6,1.61,2.24,5.25,4.75,1.63,1.65,2.3,1.76,2.01,4.75,3.9,1.7
E0,01/03/2026,14:00,Brighton,Nott'm Forest,2,1,H,2,1,H,14,13,7,4,12,13,4,4,3,1,0,0,2.0,3.6,3.5,1.83,2.03,2.05,3.54,3.42,1.79,1.97,2.1,3.65,3.6,1.83,2.04,1.88,1.88,2.1,3.5,3.5
E0,01/03/2026,14:00,Fulham,Tottenham,2,1,H,2,0,H,18,13,4,1,11,14,5,8,3,3,0,0,2.1,3.6,3.3,1.73,2.1,2.08,3.57,3.3,1.72,2.07,2.1,3.75,3.5,1.75,2.12,1.66,2.18,2.05,3.6,3.5
E0,01/03/2026,14:00,Man United,Crystal Palace,2,1,H,0,1,A,20,8,11,3,13,12,7,1,2,2,0,1,1.53,4.5,5.5,1.67,2.2,1.53,4.31,5.61,1.62,2.23,1.57,4.5,6.0,1.67,2.3,1.67,2.17,1.53,4.33,5.75
E0,01/03/2026,16:30,Arsenal,Chelsea,2,1,H,1,1,D,12,9,5,3,11,14,5,10,1,3,0,1,1.6,3.8,5.5,1.73,2.1,1.6,3.98,5.28,1.7,2.09,1.63,4.0,5.5,1.75,2.15,1.66,2.17,1.53,4.2,6.0
E0,03/03/2026,19:30,Bournemouth,Brentford,0,0,D,0,0,D,13,5,2,2,9,10,4,3,2,1,0,0,2.5,3.6,2.63,1.62,2.3,2.48,3.59,2.65,1.58,2.32,2.5,3.75,2.7,1.62,2.38,1.6,2.28,2.5,3.6,2.7
E0,03/03/2026,19:30,Everton,Burnley,2,0,H,1,0,H,14,5,5,2,10,12,6,3,0,1,0,0,1.57,4.0,6.0,1.98,1.88,1.56,3.96,6.06,1.92,1.85,1.57,4.1,6.5,1.98,1.91,2.04,1.75,1.62,3.8,5.75
E0,03/03/2026,19:30,Leeds,Sunderland,0,1,A,0,0,D,18,3,4,1,15,19,9,2,1,3,0,0,1.85,3.4,4.33,2.1,1.73,1.86,3.43,4.31,2.08,1.72,1.91,3.5,4.6,2.12,1.75,2.03,1.75,1.8,3.5,4.5
E0,03/03/2026,20:15,Wolves,Liverpool,2,1,H,0,0,D,4,19,3,7,10,13,2,11,2,1,0,0,5.5,4.5,1.5,1.62,2.3,6.08,4.61,1.48,1.57,2.34,6.5,4.75,1.52,1.62,2.4,1.58,2.33,6.5,4.75,1.42
E0,04/03/2026,19:30,Aston Villa,Chelsea,1,4,A,1,2,A,9,15,4,8,10,9,3,8,3,2,0,0,2.7,3.4,2.55,1.73,2.1,2.67,3.57,2.46,1.67,2.15,2.75,3.7,2.55,1.73,2.2,1.71,2.09,2.63,3.4,2.55
E0,04/03/2026,19:30,Brighton,Arsenal,0,1,A,0,1,A,11,7,3,2,14,12,4,3,4,1,0,0,4.75,4.1,1.65,1.91,1.91,5.03,3.92,1.64,1.89,1.85,5.4,4.1,1.67,1.95,1.95,1.86,1.9,5.0,3.8,1.67
E0,04/03/2026,19:30,Fulham,West Ham,0,1,A,0,0,D,13,9,5,3,14,12,7,5,2,4,0,0,2.0,3.5,3.7,1.73,2.1,2.03,3.56,3.52,1.72,2.06,2.08,3.75,3.75,1.79,2.1,1.62,2.25,2.2,3.5,3.1
E0,04/03/2026,19:30,Man City,Nott'm Forest,2,2,D,1,0,H,21,9,7,4,10,6,6,1,0,4,0,0,1.38,5.0,7.5,1.57,2.38,1.37,4.95,7.65,1.57,2.32,1.41,5.33,8.0,1.6,2.43,1.62,2.26,1.38,5.0,8.0
E0,04/03/2026,20:15,Newcastle,Man United,2,1,H,1,1,D,12,14,5,5,15,16,2,4,2,3,1,0,2.63,3.5,2.6,1.57,2.38,2.56,3.66,2.53,1.52,2.44,2.63,3.8,2.6,1.57,2.55,1.56,2.38,2.6,3.6,2.6
E0,05/03/2026,20:00,Tottenham,Crystal Palace,1,3,A,1,3,A,12,9,4,4,14,14,6,3,3,2,0,0,2.35,3.25,3.1,1.8,2.0,2.34,3.32,2.97,1.78,1.97,2.38,3.4,3.1,1.8,2.05,1.84,1.93,2.45,3.3,2.88
E0,14/03/2026,15:00,Burnley,Bournemouth,0,0,D,0,0,D,15,22,2,3,11,5,5,8,1,0,0,0,4.1,3.8,1.83,1.73,2.1,4.02,3.83,1.82,1.68,2.1,4.2,4.0,1.87,1.73,2.18,1.58,2.31,3.9,4.0,1.83
E0,14/03/2026,15:00,Sunderland,Brighton,0,1,A,0,0,D,14,12,4,4,7,12,7,3,1,2,0,0,3.3,3.3,2.25,2.1,1.73,3.26,3.27,2.23,2.04,1.73,3.33,3.4,2.28,2.1,1.77,1.99,1.78,3.6,3.6,2.0
E0,14/03/2026,17:30,Arsenal,Everton,2,0,H,0,0,D,25,9,7,3,11,12,8,3,0,0,0,0,1.38,4.75,8.5,1.98,1.88,1.37,4.56,8.83,1.9,1.84,1.4,4.8,9.5,1.98,1.89,1.85,1.91,1.36,4.5,9.0
E0,14/03/2026,17:30,Chelsea,Newcastle,0,1,A,0,1,A,22,7,3,5,9,10,8,1,2,2,0,0,1.8,4.2,3.8,1.5,2.63,1.79,4.12,3.86,1.47,2.58,1.81,4.2,4.0,1.53,2.63,1.48,2.59,1.67,4.33,4.33
E0,14/03/2026,20:00,West Ham,Man City,1,1,D,1,1,D,1,24,1,6,14,5,1,15,2,2,0,0,4.33,4.33,1.7,1.53,2.5,4.43,4.15,1.69,1.52,2.45,4.6,4.33,1.73,1.55,2.55,1.58,2.32,4.75,4.33,1.65
E0,15/03/2026,14:00,Crystal Palace,Leeds,0,0,D,0,0,D,12,10,0,3,12,11,8,3,2,1,0,1,2.55,3.3,2.88,2.1,1.73,2.49,3.24,2.85,2.03,1.73,2.6,3.4,3.0,2.1,1.77,2.04,1.73,2.7,3.25,2.75
E0,15/03/2026,14:00,Man United,Aston Villa,3,1,H,0,0,D,16,9,6,2,10,5,6,6,3,2,0,0,1.73,4.0,4.5,1.67,2.2,1.71,4.02,4.38,1.64,2.19,1.73,4.2,4.6,1.67,2.23,1.61,2.25,1.7,4.1,4.5
E0,15/03/2026,14:00,Nott'm Forest,Fulham,0,0,D,0,0,D,11,5,2,0,8,10,5,4,2,3,0,0,2.2,3.4,3.3,1.93,1.93,2.19,3.4,3.24,1.86,1.88,2.25,3.5,3.4,1.93,1.93,1.98,1.79,2.3,3.3,3.2
E0,15/03/2026,16:30,Liverpool,Tottenham,1,1,D,1,0,H,17,13,4,7,8,13,3,4,0,0,0,0,1.3,6.25,8.0,1.44,2.75,1.29,5.79,8.72,1.42,2.72,1.33,6.25,9.5,1.44,2.8,1.34,3.13,1.3,6.0,8.5
E0,16/03/2026,20:00,Brentford,Wolves,2,2,D,2,1,H,10,13,3,4,12,10,1,5,2,4,0,0,1.55,4.2,5.75,1.73,2.1,1.54,4.15,5.68,1.68,2.11,1.58,4.33,6.0,1.73,2.17,1.67,2.17,1.53,4.33,5.75
E0,20/03/2026,20:00,Bournemouth,Man United,2,2,D,0,0,D,16,14,5,5,10,9,6,8,2,2,0,1,3.2,3.8,2.1,1.57,2.38,3.22,3.76,2.07,1.53,2.44,3.35,3.8,2.1,1.57,2.5,1.52,2.46,3.1,3.75,2.15
E0,21/03/2026,12:30,Brighton,Liverpool,2,1,H,1,1,D,16,12,7,5,11,11,4,8,5,5,0,0,3.1,3.5,2.2,1.73,2.1,3.02,3.55,2.22,1.68,2.12,3.15,3.6,2.28,1.73,2.2,1.57,2.35,3.1,3.6,2.2
E0,21/03/2026,15:00,Fulham,Burnley,3,1,H,0,0,D,22,9,6,5,6,9,6,6,2,2,0,1,1.53,4.1,6.25,1.8,2.0,1.53,4.09,6.22,1.76,1.98,1.55,4.33,6.5,1.85,2.0,1.65,2.2,1.55,4.33,5.75
E0,21/03/2026,17:30,Everton,Chelsea,3,0,H,1,0,H,10,12,9,4,6,7,3,9,0,2,0,0,3.5,3.4,2.1,1.83,2.03,3.38,3.5,2.08,1.78,1.98,3.5,3.65,2.15,1.86,2.07,1.82,1.94,3.2,3.4,2.25
E0,21/03/2026,20:00,Leeds,Brentford,0,0,D,0,0,D,14,6,4,2,6,9,6,2,2,0,0,0,2.45,3.5,2.88,1.88,1.98,2.46,3.42,2.77,1.84,1.9,2.55,3.5,2.88,1.94,1.98,1.85,1.91,2.38,3.5,3.0
E0,22/03/2026,12:00,Newcastle,Sunderland,1,2,A,1,0,H,16,17,4,7,8,19,9,5,1,6,0,0,1.67,4.0,5.0,1.88,1.98,1.65,3.89,5.04,1.83,1.91,1.7,4.0,5.4,1.88,2.02,1.69,2.14,1.55,4.2,5.75
E0,22/03/2026,14:15,Aston Villa,West Ham,2,0,H,1,0,H,23,9,7,1,3,7,6,6,0,1,0,0,1.95,3.6,3.8,1.8,2.0,1.95,3.56,3.7,1.74,2.02,2.0,3.65,3.95,1.8,2.1,1.7,2.1,1.75,3.8,4.5
E0,22/03/2026,14:15,Tottenham,Nott'm Forest,0,3,A,0,1,A,14,8,3,7,13,13,13,3,1,2,0,0,2.25,3.4,3.2,1.93,1.93,2.24,3.39,3.11,1.86,1.88,2.3,3.5,3.2,1.93,1.93,2.0,1.78,2.35,3.4,3.0
E0,10/04/2026,20:00,West Ham,Wolves,4,0,H,1,0,H,18,14,7,3,11,7,5,2,2,2,0,0,1.8,3.8,4.33,1.8,2.0,1.78,3.74,4.34,1.79,1.98,1.8,3.8,4.5,1.83,2.06,1.77,2.01,1.75,3.8,4.5
E0,11/04/2026,12:30,Arsenal,Bournemouth,1,2,A,1,1,D,15,8,3,3,12,18,10,1,1,3,0,0,1.44,4.5,7.5,1.62,2.3,1.43,4.55,7.06,1.62,2.24,1.46,4.8,7.5,1.68,2.3,1.57,2.34,1.44,4.33,7.0
E0,11/04/2026,15:00,Brentford,Everton,2,2,D,1,1,D,17,14,4,7,6,7,2,3,0,2,0,0,2.15,3.3,3.5,2.0,1.8,2.13,3.31,3.45,1.95,1.8,2.15,3.5,3.6,2.04,1.85,1.88,1.88,2.1,3.4,3.5
E0,11/04/2026,15:00,Burnley,Brighton,0,2,A,0,1,A,10,13,5,6,7,11,8,2,2,1,0,0,4.5,4.0,1.73,1.73,2.1,4.48,3.93,1.72,1.71,2.08,4.75,4.0,1.78,1.77,2.16,1.66,2.18,5.25,4.2,1.57
E0,11/04/2026,17:30,Liverpool,Fulham,2,0,H,2,0,H,18,19,5,4,10,4,6,9,0,0,0,0,1.65,4.2,4.75,1.57,2.38,1.62,4.18,4.83,1.53,2.42,1.65,4.35,5.1,1.57,2.5,1.5,2.54,1.75,4.1,4.2
E0,12/04/2026,14:00,Crystal Palace,Newcastle,2,1,H,0,1,A,11,7,5,3,17,12,2,4,0,3,0,0,3.0,3.6,2.2,1.73,2.1,3.07,3.5,2.22,1.71,2.07,3.2,3.6,2.3,1.76,2.1,1.85,1.91,3.0,3.3,2.4
E0,12/04/2026,14:00,Nott'm Forest,Aston Villa,1,1,D,1,1,D,15,12,4,5,15,10,7,3,2,2,0,0,2.63,3.3,2.7,2.0,1.85,2.61,3.33,2.65,1.91,1.84,2.66,3.5,2.7,2.0,1.91,1.87,1.9,2.3,3.4,3.0
E0,12/04/2026,14:00,Sunderland,Tottenham,1,0,H,0,0,D,13,11,2,7,14,15,2,6,3,3,0,0,2.7,3.2,2.7,2.0,1.85,2.62,3.34,2.63,1.92,1.83,2.7,3.5,2.7,2.0,1.91,1.81,1.95,2.9,3.2,2.55
E0,12/04/2026,16:30,Chelsea,Man City,0,3,A,0,0,D,12,18,3,8,10,14,4,12,3,1,0,0,3.1,3.8,2.15,1.57,2.38,3.08,3.8,2.1,1.54,2.4,3.3,4.0,2.15,1.6,2.5,1.5,2.55,3.6,3.9,1.91
E0,13/04/2026,20:00,Man United,Leeds,1,2,A,0,2,A,20,15,9,6,12,15,11,4,3,2,1,0,1.62,4.1,5.0,1.73,2.1,1.59,4.07,5.3,1.68,2.11,1.65,4.3,6.1,1.73,2.2,1.64,2.22,1.62,4.1,5.25
E0,18/04/2026,12:30,Brentford,Fulham,0,0,D,0,0,D,13,11,4,0,8,13,9,3,0,1,0,0,2.1,3.75,3.25,1.73,2.1,2.09,3.63,3.26,1.73,2.04,2.12,3.75,3.35,1.81,2.1,1.62,2.26,1.95,3.8,3.6
E0,18/04/2026,15:00,Leeds,Wolves,3,0,H,2,0,H,17,7,6,2,9,17,5,6,2,1,0,0,1.62,3.9,5.75,1.9,1.95,1.6,3.93,5.5,1.86,1.89,1.67,4.0,6.0,1.91,1.95,1.79,1.98,1.5,4.2,6.5
E0,18/04/2026,15:00,Newcastle,Bournemouth,1,2,A,0,1,A,12,12,3,3,11,12,2,3,2,4,0,0,2.0,3.75,3.5,1.5,2.63,1.96,3.81,3.48,1.47,2.58,2.0,4.0,3.65,1.5,2.65,1.5,2.53,2.2,3.7,3.0
E0,18/04/2026,17:30,Tottenham,Brighton,2,2,D,1,1,D,13,10,6,3,14,14,7,5,3,1,0,0,2.7,3.75,2.4,1.67,2.2,2.68,3.65,2.41,1.66,2.16,2.75,3.8,2.5,1.71,2.2,1.62,2.26,3.0,3.9,2.15
E0,18/04/2026,20:00,Chelsea,Man United,0,1,A,0,1,A,21,4,3,1,12,13,7,1,1,3,0,0,2.2,3.5,3.2,1.57,2.38,2.21,3.54,3.07,1.53,2.4,2.3,3.75,3.2,1.57,2.5,1.49,2.57,2.05,3.8,3.2
E0,19/04/2026,14:00,Aston Villa,Sunderland,4,3,H,2,1,H,15,10,7,7,11,11,4,5,1,3,0,0,1.67,3.75,5.5,1.98,1.88,1.65,3.78,5.25,1.89,1.86,1.67,4.0,5.5,1.98,1.91,1.92,1.85,1.75,3.6,5.0
E0,19/04/2026,14:00,Everton,Liverpool,1,2,A,0,1,A,10,14,4,6,8,12,1,6,2,0,0,0,3.1,3.4,2.3,1.9,1.95,3.11,3.36,2.25,1.86,1.9,3.25,3.6,2.3,1.91,1.95,1.8,1.98,3.2,3.4,2.25
E0,19/04/2026,14:00,Nott'm Forest,Burnley,4,1,H,0,1,A,10,4,4,3,8,12,4,4,0,2,0,0,1.5,4.2,7.0,1.73,2.1,1.49,4.25,6.32,1.74,2.03,1.53,4.35,7.0,1.8,2.1,1.7,2.11,1.45,4.5,7.0
E0,19/04/2026,16:30,Man City,Arsenal,2,1,H,1,1,D,15,9,5,3,5,12,8,5,2,2,0,0,1.83,3.7,4.2,2.0,1.8,1.82,3.6,4.25,1.92,1.82,2.0,3.75,4.6,2.0,1.91,1.9,1.86,1.85,3.7,4.1
E0,20/04/2026,20:00,Crystal Palace,West Ham,0,0,D,0,0,D,9,9,1,4,13,12,4,6,2,1,0,0,2.38,3.2,3.1,1.93,1.93,2.31,3.21,3.11,1.88,1.87,2.38,3.4,3.3,1.93,1.95,1.82,1.95,2.63,3.25,2.7
E0,21/04/2026,20:00,Brighton,Chelsea,3,0,H,1,0,H,15,6,9,0,15,6,6,5,1,1,0,0,2.5,3.5,2.7,1.67,2.2,2.44,3.62,2.66,1.63,2.22,2.54,3.75,2.7,1.67,2.3,1.83,1.93,2.25,3.6,3.0
E0,22/04/2026,20:00,Bournemouth,Leeds,2,2,D,0,0,D,17,10,7,3,6,10,12,1,3,0,0,0,2.0,3.5,3.6,1.73,2.1,2.02,3.51,3.57,1.71,2.06,2.1,3.6,4.0,1.75,2.15,1.59,2.28,1.8,3.9,4.1
E0,22/04/2026,20:00,Burnley,Man City,0,1,A,0,1,A,9,28,1,9,10,12,3,11,0,0,0,0,19.0,9.0,1.13,1.33,3.4,16.53,8.3,1.14,1.32,3.22,20.0,9.0,1.22,1.35,3.4,1.34,3.19,15.0,8.5,1.14
E0,24/04/2026,20:00,Sunderland,Nott'm Forest,0,5,A,0,4,A,14,10,4,6,13,15,3,6,2,5,0,0,2.7,3.2,2.7,2.2,1.67,2.67,3.18,2.66,2.13,1.69,2.75,3.25,2.75,2.2,1.74,2.19,1.65,2.63,3.1,2.8
E0,25/04/2026,12:30,Fulham,Aston Villa,1,0,H,1,0,H,13,10,6,1,14,12,2,5,2,2,0,0,2.75,3.6,2.45,1.73,2.1,2.67,3.5,2.47,1.72,2.07,2.75,3.6,2.54,1.76,2.1,1.71,2.08,2.45,3.6,2.75
E0,25/04/2026,15:00,Liverpool,Crystal Palace,3,1,H,2,0,H,9,14,3,7,10,10,5,8,1,3,0,0,1.44,5.0,6.25,1.57,2.38,1.44,4.76,6.31,1.55,2.36,1.5,5.0,7.0,1.6,2.5,1.5,2.52,1.6,4.5,5.0
E0,25/04/2026,15:00,West Ham,Everton,2,1,H,0,0,D,10,11,3,3,9,11,3,4,3,4,0,0,2.4,3.4,2.9,1.9,1.95,2.38,3.34,2.9,1.83,1.92,2.43,3.5,3.0,1.91,2.02,1.8,1.96,2.4,3.4,2.8
E0,25/04/2026,15:00,Wolves,Tottenham,0,1,A,0,0,D,11,11,2,2,8,14,5,5,3,4,0,0,4.5,4.33,1.67,1.67,2.2,4.48,3.99,1.7,1.66,2.15,4.75,4.33,1.73,1.7,2.2,1.62,2.23,4.5,4.33,1.67
E0,25/04/2026,17:30,Arsenal,Newcastle,1,0,H,1,0,H,11,13,4,3,13,10,7,2,2,2,0,0,1.45,4.75,6.25,1.57,2.38,1.45,4.66,6.22,1.58,2.29,1.5,4.8,6.75,1.63,2.38,1.65,2.18,1.38,5.0,7.5
E0,27/04/2026,20:00,Man United,Brentford,2,1,H,2,0,H,11,12,6,4,6,9,7,8,2,4,0,0,1.85,3.8,4.0,1.57,2.38,1.84,3.82,3.84,1.55,2.35,1.9,4.0,4.0,1.61,2.38,1.56,2.36,1.95,3.75,3.6
E0,01/05/2026,20:00,Leeds,Burnley,3,1,H,1,0,H,18,9,8,3,12,11,5,0,4,3,0,0,1.33,5.0,9.5,1.67,2.2,1.34,5.09,8.57,1.65,2.18,1.38,5.4,9.5,1.71,2.25,1.69,2.11,1.36,5.0,8.5
E0,02/05/2026,15:00,Brentford,West Ham,3,0,H,1,0,H,14,13,6,4,8,12,2,6,1,3,0,0,1.91,3.75,3.75,1.62,2.3,1.91,3.77,3.62,1.59,2.28,1.95,3.8,3.75,1.62,2.38,1.57,2.35,1.85,3.8,3.8
E0,02/05/2026,15:00,Newcastle,Brighton,3,1,H,2,0,H,13,13,6,4,10,12,2,10,3,3,0,0,2.5,3.75,2.6,1.73,2.1,2.5,3.6,2.6,1.68,2.13,2.6,3.75,2.66,1.73,2.2,1.65,2.18,2.7,3.6,2.45
E0,02/05/2026,15:00,Wolves,Sunderland,1,1,D,0,1,A,20,10,7,2,11,11,6,3,0,4,0,1,3.1,3.2,2.1,2.1,1.73,3.24,3.35,2.18,2.03,1.74,3.45,3.4,2.25,2.1,1.78,1.96,1.8,3.6,3.5,2.0
E0,02/05/2026,17:30,Arsenal,Fulham,3,0,H,3,0,H,18,10,9,1,7,12,3,4,0,1,0,0,1.44,4.33,7.0,1.8,2.0,1.44,4.39,7.0,1.77,1.97,1.48,4.5,8.0,1.8,2.0,1.83,1.94,1.45,4.5,7.0
E0,03/05/2026,14:00,Bournemouth,Crystal Palace,3,0,H,2,0,H,16,7,5,1,10,11,7,1,0,2,0,0,1.57,4.33,5.25,1.67,2.2,1.58,4.16,5.2,1.65,2.17,1.62,4.35,5.5,1.67,2.25,1.63,2.21,1.55,4.33,5.25
E0,03/05/2026,15:30,Man United,Liverpool,3,2,H,2,0,H,18,13,6,5,12,11,3,2,2,2,0,0,2.3,3.8,2.75,1.5,2.63,2.29,3.73,2.76,1.47,2.58,2.38,3.9,2.85,1.5,2.7,1.49,2.53,2.35,3.75,2.8
E0,03/05/2026,19:00,Aston Villa,Tottenham,1,2,A,0,2,A,5,10,1,5,12,12,5,5,2,5,0,0,2.15,3.6,3.2,1.73,2.1,2.1,3.59,3.21,1.68,2.11,2.15,3.75,3.4,1.73,2.23,1.67,2.15,2.25,3.6,3.0
E0,04/05/2026,15:00,Chelsea,Nott'm Forest,1,3,A,0,2,A,21,6,5,4,12,10,10,1,3,1,0,0,1.7,4.0,4.75,1.67,2.2,1.68,3.93,4.65,1.67,2.14,1.71,4.1,4.9,1.71,2.2,1.6,2.28,1.42,4.75,7.0
E0,04/05/2026,20:00,Everton,Man City,3,3,D,0,1,A,14,21,6,4,15,5,5,9,4,1,0,0,6.5,4.75,1.44,1.62,2.3,6.38,4.63,1.44,1.58,2.28,7.0,4.8,1.48,1.62,2.4,1.57,2.35,6.5,4.75,1.44
E0,09/05/2026,12:30,Liverpool,Chelsea,1,1,D,1,1,D,8,6,3,3,17,17,5,2,2,4,0,0,1.83,4.0,3.9,1.44,2.75,1.82,3.95,3.81,1.41,2.8,1.84,4.0,4.0,1.44,3.0,1.58,2.33,2.0,3.75,3.4
E0,09/05/2026,15:00,Brighton,Wolves,3,0,H,2,0,H,14,5,6,1,9,11,7,1,1,2,0,0,1.27,6.25,9.5,1.53,2.5,1.27,5.88,9.98,1.5,2.5,1.29,6.25,11.5,1.53,2.55,1.5,2.53,1.29,6.0,9.0
E0,09/05/2026,15:00,Fulham,Bournemouth,0,1,A,0,0,D,14,10,2,5,12,21,11,2,4,2,1,1,2.75,3.6,2.4,1.57,2.38,2.68,3.66,2.39,1.54,2.39,2.75,3.75,2.45,1.6,2.5,1.59,2.3,2.7,3.6,2.45
E0,09/05/2026,15:00,Sunderland,Man United,0,0,D,0,0,D,15,11,4,1,12,12,7,8,0,3,0,0,3.9,3.75,1.85,1.73,2.1,3.93,3.7,1.86,1.72,2.05,4.1,3.8,1.93,1.75,2.12,1.71,2.09,3.2,3.6,2.15
E0,09/05/2026,17:30,Man City,Brentford,3,0,H,0,0,D,25,4,10,2,8,14,10,2,4,2,0,0,1.36,5.75,7.0,1.36,3.2,1.35,5.51,7.23,1.37,2.97,1.38,6.0,8.0,1.43,3.25,1.35,3.12,1.36,5.5,7.0
E0,10/05/2026,14:00,Burnley,Aston Villa,2,2,D,1,1,D,15,18,6,7,18,8,2,8,1,1,0,0,5.0,4.33,1.6,1.73,2.1,5.34,4.09,1.58,1.7,2.09,6.0,4.33,1.62,1.73,2.15,1.69,2.12,6.25,4.5,1.48
E0,10/05/2026,14:00,Crystal Palace,Everton,2,2,D,1,1,D,21,13,8,6,5,13,5,10,0,2,0,0,2.7,3.3,2.63,2.03,1.83,2.71,3.26,2.56,1.99,1.76,2.8,3.4,2.63,2.08,1.83,1.98,1.79,2.75,3.3,2.55
E0,10/05/2026,14:00,Nott'm Forest,Newcastle,1,1,D,0,0,D,17,16,6,6,16,11,2,1,2,0,0,0,2.6,3.6,2.6,1.73,2.1,2.58,3.48,2.56,1.71,2.07,2.7,3.6,2.65,1.82,2.1,1.78,1.99,3.5,3.4,2.1
E0,10/05/2026,16:30,West Ham,Arsenal,0,1,A,0,0,D,9,15,3,4,14,12,4,3,3,4,0,0,5.5,4.2,1.57,1.67,2.2,5.29,4.09,1.58,1.65,2.17,5.75,4.25,1.62,1.67,2.25,1.8,1.98,6.0,4.2,1.55
E0,11/05/2026,20:00,Tottenham,Leeds,1,1,D,0,0,D,16,11,3,4,12,7,14,2,3,1,0,0,1.83,4.1,3.75,1.73,2.1,1.82,3.82,3.92,1.7,2.09,1.86,4.1,4.1,1.74,2.17,1.79,1.98,1.83,3.7,4.2
E0,13/05/2026,20:00,Man City,Crystal Palace,3,0,H,2,0,H,15,6,4,2,10,7,9,4,0,2,0,0,1.2,7.5,12.0,1.4,3.0,1.19,7.03,12.75,1.4,2.84,1.22,7.5,15.0,1.44,3.0,1.43,2.76,1.3,6.0,8.5
E0,15/05/2026,20:00,Aston Villa,Liverpool,4,2,H,1,0,H,14,16,9,5,12,9,4,9,3,1,0,0,2.75,3.5,2.4,1.73,2.1,2.76,3.44,2.43,1.68,2.13,2.8,3.6,2.5,1.73,2.25,1.79,1.97,2.7,3.4,2.55
E0,17/05/2026,12:30,Man United,Nott'm Forest,3,2,H,1,0,H,29,11,8,4,11,5,7,6,2,1,0,0,1.6,4.2,5.25,1.62,2.3,1.58,4.23,4.94,1.57,2.32,1.62,4.33,5.25,1.62,2.43,1.5,2.51,1.55,4.5,5.25
E0,17/05/2026,15:00,Brentford,Crystal Palace,2,2,D,1,1,D,14,16,3,5,7,5,9,4,1,3,0,0,1.73,4.2,4.33,1.67,2.2,1.71,4.09,4.17,1.65,2.18,1.77,4.5,4.4,1.67,2.28,1.67,2.16,1.75,3.9,4.33
E0,17/05/2026,15:00,Everton,Sunderland,1,3,A,1,0,H,10,7,4,3,14,9,3,2,3,0,0,0,1.8,3.75,4.33,1.91,1.91,1.81,3.63,4.18,1.88,1.86,1.83,3.75,4.35,1.93,1.91,1.85,1.9,1.75,3.7,4.33
E0,17/05/2026,15:00,Leeds,Brighton,1,0,H,0,0,D,7,19,1,8,9,7,7,8,1,0,0,0,3.2,3.6,2.15,1.67,2.2,3.09,3.57,2.14,1.65,2.16,3.2,3.7,2.22,1.73,2.2,1.81,1.95,3.5,3.5,2.05
E0,17/05/2026,15:00,Wolves,Fulham,1,1,D,1,1,D,11,13,3,5,20,8,3,6,1,0,0,0,3.8,3.8,1.9,1.73,2.1,3.68,3.78,1.87,1.68,2.11,3.8,4.0,1.95,1.73,2.2,1.8,1.96,4.0,3.75,1.8
E0,17/05/2026,17:30,Newcastle,West Ham,3,1,H,2,0,H,15,15,7,8,8,11,9,1,1,3,0,0,2.1,3.8,3.2,1.5,2.63,2.05,3.78,3.15,1.47,2.58,2.1,4.0,3.25,1.5,2.7,1.52,2.46,2.05,3.9,3.2
E0,18/05/2026,20:00,Arsenal,Burnley,1,0,H,1,0,H,13,5,3,0,7,16,3,3,1,3,0,0,1.09,11.0,23.0,1.33,3.4,1.08,10.12,22.13,1.33,3.19,1.11,11.0,26.0,1.36,3.55,1.36,3.04,1.09,10.0,26.0
E0,19/05/2026,19:30,Bournemouth,Man City,1,1,D,1,0,H,10,14,2,5,16,7,7,6,4,2,0,0,4.5,4.33,1.67,1.44,2.75,4.42,4.27,1.66,1.42,2.8,4.6,4.5,1.7,1.44,3.0,1.51,2.49,4.75,4.5,1.62
E0,19/05/2026,20:15,Chelsea,Tottenham,2,1,H,1,0,H,9,9,4,3,11,18,3,4,4,3,0,0,1.91,3.7,3.9,1.73,2.1,1.9,3.64,3.76,1.69,2.12,1.95,3.75,4.0,1.73,2.25,1.86,1.89,2.25,3.25,3.3
E0,24/05/2026,16:00,Brighton,Man United,0,3,A,0,2,A,13,11,2,7,11,8,0,3,0,1,0,0,1.85,4.2,3.6,1.5,2.63,1.86,3.98,3.58,1.46,2.6,1.92,4.2,3.75,1.5,2.75,1.43,2.7,1.85,4.33,3.5
E0,24/05/2026,16:00,Burnley,Wolves,1,1,D,0,1,A,16,16,8,4,10,11,7,7,2,2,0,0,2.35,3.5,2.9,1.73,2.1,2.36,3.5,2.77,1.71,2.07,2.48,3.6,2.9,1.73,2.14,1.73,2.04,2.35,3.4,2.9
E0,24/05/2026,16:00,Crystal Palace,Arsenal,1,2,A,0,1,A,8,17,3,7,9,12,3,4,0,1,0,0,4.2,4.0,1.75,1.67,2.2,4.13,3.86,1.76,1.63,2.21,4.33,4.2,1.82,1.67,2.35,1.72,2.07,4.1,3.6,1.85
E0,24/05/2026,16:00,Fulham,Newcastle,2,0,H,1,0,H,21,7,6,2,13,6,6,6,2,2,0,0,2.88,3.8,2.25,1.62,2.3,2.82,3.66,2.27,1.6,2.25,2.9,3.8,2.37,1.62,2.35,1.48,2.57,2.5,3.7,2.6
E0,24/05/2026,16:00,Liverpool,Brentford,1,1,D,0,0,D,24,11,8,2,9,9,14,2,2,3,0,0,1.8,4.2,3.8,1.5,2.63,1.8,4.09,3.73,1.48,2.56,1.84,4.35,4.0,1.5,2.63,1.4,2.87,1.8,4.0,4.0
E0,24/05/2026,16:00,Man City,Aston Villa,1,2,A,1,0,H,16,12,3,5,8,4,9,4,1,0,0,0,1.29,6.0,9.0,1.3,3.5,1.28,5.93,8.39,1.29,3.38,1.31,6.25,9.5,1.31,3.55,1.38,2.97,1.42,5.0,6.5
E0,24/05/2026,16:00,Nott'm Forest,Bournemouth,1,1,D,1,0,H,15,17,5,4,11,7,6,3,1,1,0,0,3.3,3.75,2.05,1.57,2.38,3.19,3.72,2.05,1.56,2.34,3.3,3.9,2.1,1.61,2.38,1.6,2.27,3.7,3.8,1.91
E0,24/05/2026,16:00,Sunderland,Chelsea,2,1,H,1,0,H,20,10,2,1,15,18,7,7,3,2,0,0,3.6,3.6,2.0,1.73,2.1,3.47,3.59,1.99,1.73,2.04,3.65,3.75,2.05,1.79,2.1,1.71,2.09,3.3,3.8,2.05
E0,24/05/2026,16:00,Tottenham,Everton,1,0,H,1,0,H,21,8,6,3,15,12,6,2,5,3,0,1,1.91,3.75,3.8,1.73,2.1,1.89,3.63,3.78,1.73,2.03,1.95,3.75,4.3,1.76,2.12,1.95,1.82,1.91,3.5,4.1
E0,24/05/2026,16:00,West Ham,Leeds,3,0,H,0,0,D,16,13,9,3,11,14,6,4,0,3,0,0,1.85,4.0,3.75,1.67,2.2,1.82,3.9,3.75,1.64,2.19,1.88,4.2,4.0,1.67,2.28,1.57,2.34,1.7,4.1,4.5
